,in-state tuition,out-of-state tuition,new_student_top_10,new_student_top_25,new_student_enrolled,% fac. w/PHD,student_faculty_ratio,school_type,Graduation rate
0,7560.0,7560.0,16.0,44.0,55.0,76.0,11.9,Private,15.0
2,1742.0,5226.0,4.0,24.0,89.0,39.0,9.5,Public,39.0
4,1700.0,3400.0,0.0,0.0,984.0,53.0,14.3,Public,40.0
5,5600.0,5600.0,0.0,27.0,179.0,52.0,32.8,Private,55.0
6,2220.0,4440.0,18.0,78.0,570.0,72.0,18.9,Public,51.0
7,1500.0,3000.0,0.0,0.0,1278.0,48.0,18.7,Public,15.0
8,2100.0,6300.0,25.0,57.0,3070.0,85.0,16.7,Public,69.0
9,11660.0,11660.0,67.0,88.0,287.0,74.0,14.0,Private,72.0
10,1704.0,2970.0,0.0,40.0,625.0,62.0,19.4,Public,76.0
11,8080.0,8080.0,26.0,47.0,127.0,63.0,11.4,Private,44.0
12,1740.0,2610.0,0.0,0.0,887.0,66.0,20.1,Public,33.0
13,5780.0,5780.0,10.0,30.0,137.0,70.0,17.9,Private,43.0
14,1740.0,1740.0,0.0,0.0,444.0,58.0,18.8,Public,36.0
15,4000.0,4000.0,0.0,0.0,242.0,35.0,16.7,Private,15.0
16,6150.0,6150.0,17.0,54.0,269.0,59.0,16.6,Private,52.0
18,8236.0,8236.0,34.0,76.0,691.0,74.0,14.7,Private,61.0
19,11478.0,11478.0,0.0,0.0,230.0,80.0,14.4,Private,70.0
20,4460.0,4460.0,0.0,0.0,248.0,47.0,14.3,Private,47.0
21,5666.0,5666.0,30.0,60.0,335.0,56.0,15.5,Private,46.0
22,1697.0,2883.0,18.0,67.0,824.0,50.0,23.0,Public,48.0
23,6735.0,6735.0,20.0,59.0,611.0,70.0,12.2,Private,65.0
24,2172.0,5424.0,0.0,57.0,2682.0,80.0,17.3,Public,50.0
25,2220.0,4440.0,24.0,35.0,938.0,96.0,6.7,Public,33.0
26,2480.0,4960.0,0.0,57.0,445.0,83.0,12.7,Public,38.0
27,2208.0,3108.0,0.0,0.0,1047.0,80.0,13.3,Public,43.0
28,1905.0,5715.0,0.0,0.0,645.0,74.0,18.1,Public,42.0
31,8644.0,8644.0,46.0,74.0,166.0,79.0,12.6,Private,54.0
32,1730.0,3460.0,12.0,52.0,951.0,57.0,19.6,Public,48.0
33,1800.0,3720.0,0.0,0.0,1488.0,71.0,20.0,Public,39.0
34,1700.0,3274.0,0.0,47.0,1792.0,71.0,20.5,Public,36.0
36,1440.0,2880.0,21.0,47.0,771.0,58.0,19.0,Public,68.0
37,8800.0,8800.0,52.0,87.0,274.0,82.0,13.1,Private,63.0
38,6398.0,6398.0,24.0,53.0,284.0,68.0,13.3,Private,75.0
39,2136.0,5352.0,0.0,0.0,1194.0,61.0,14.7,Public,19.0
40,6530.0,6530.0,31.0,73.0,450.0,63.0,13.3,Private,65.0
43,1500.0,2340.0,26.0,45.0,499.0,40.0,17.0,Public,33.0
44,1932.0,5028.0,25.0,65.0,2133.0,73.0,14.8,Public,39.0
45,5504.0,5504.0,35.0,75.0,806.0,71.0,17.7,Private,73.0
46,6870.0,6870.0,0.0,0.0,169.0,56.0,14.2,Private,81.0
47,1828.0,7434.0,24.0,49.0,3761.0,88.0,18.9,Public,48.0
48,1828.0,6746.0,23.0,48.0,1973.0,78.0,21.7,Public,41.0
49,1828.0,7434.0,29.0,57.0,4529.0,91.0,19.6,Public,49.0
52,11388.0,11388.0,0.0,0.0,459.0,67.0,16.6,Private,36.0
53,6370.0,6370.0,0.0,44.0,157.0,56.0,13.0,Private,43.0
54,16695.0,16695.0,98.0,100.0,210.0,100.0,6.5,Private,83.0
55,12950.0,12950.0,23.0,52.0,247.0,72.0,12.4,Private,60.0
56,1606.0,8990.0,0.0,0.0,1470.0,88.0,19.9,Public,56.0
58,1053.0,8233.0,0.0,0.0,2576.0,80.0,20.3,Public,48.0
59,1788.0,7454.0,0.0,0.0,1268.0,53.0,20.4,Public,49.0
60,1440.0,8820.0,0.0,0.0,428.0,90.0,18.1,Public,24.0
61,10425.070175438597,11704.0,0.0,0.0,1521.0,93.0,20.3,Public,49.0
62,2033.0,7380.0,47.0,73.0,1650.0,72.0,19.8,Public,59.0
63,10425.070175438597,5904.0,0.0,60.0,1566.0,73.0,18.5,Public,50.0
65,1802.0,7706.0,5.0,60.0,1483.0,90.0,21.2,Public,61.0
66,1599.0,9979.0,0.0,0.0,565.0,80.0,16.4,Public,65.0
67,1716.0,9096.0,0.0,0.0,1234.0,79.0,19.2,Public,47.0
68,1742.0,8384.0,20.0,70.0,2151.0,87.0,19.5,Public,41.0
70,1584.0,8964.0,0.0,0.0,1259.0,75.0,17.4,Public,55.0
71,1976.0,8820.0,0.0,0.0,1420.0,72.0,17.4,Public,46.0
72,10425.070175438597,7830.0,47.0,84.0,557.0,79.0,16.1,Public,40.0
74,11760.0,11760.0,0.0,0.0,51.0,90.0,15.7,Private,23.0
75,16624.0,16624.0,23.0,48.0,351.0,72.0,12.8,Private,47.0
76,17000.0,17000.0,71.0,93.0,227.0,99.0,9.6,Private,87.0
77,17230.0,17230.0,95.0,100.0,178.0,100.0,8.2,Private,100.0
78,17688.0,17688.0,37.0,73.0,220.0,100.0,10.4,Private,73.0
79,17720.0,17720.0,80.0,98.0,390.0,94.0,8.9,Private,91.0
80,17238.0,17238.0,60.0,83.0,139.0,95.0,8.2,Private,73.0
81,12600.0,12600.0,11.0,42.0,97.0,77.0,10.4,Private,43.0
82,11480.0,11480.0,0.0,0.0,43.0,75.0,7.8,Private,44.0
83,12790.0,12790.0,0.0,0.0,75.0,56.0,11.6,Private,50.0
84,12180.0,12180.0,0.0,0.0,325.0,69.0,12.6,Private,49.0
85,13540.0,13540.0,16.0,38.0,226.0,66.0,14.1,Private,47.0
88,12474.0,12474.0,37.0,90.0,113.0,53.0,11.9,Private,72.0
89,16560.0,16560.0,52.0,81.0,370.0,91.0,10.5,Private,79.0
90,6500.0,6500.0,9.0,41.0,89.0,38.0,10.7,Private,67.0
91,9900.0,9900.0,51.0,87.0,146.0,59.0,10.5,Private,54.0
92,11925.0,11925.0,20.0,48.0,385.0,48.0,12.3,Private,69.0
93,10176.0,10178.0,20.0,43.0,428.0,71.0,16.1,Private,54.0
94,18200.0,18200.0,86.0,96.0,680.0,95.0,11.6,Private,66.0
95,9520.0,9520.0,18.0,38.0,193.0,63.0,18.6,Private,43.0
96,13332.0,13332.0,36.0,80.0,465.0,88.0,16.1,Private,78.0
98,3949.0,11648.0,95.0,100.0,3215.0,93.0,15.8,Public,78.0
100,4325.0,12024.0,85.0,100.0,2478.0,96.0,16.1,Public,66.0
101,10425.070175438597,7689.0,93.0,100.0,3591.0,97.0,11.8,Public,77.0
102,10425.070175438597,7699.0,80.0,100.0,1470.0,98.0,13.4,Public,62.0
103,10425.070175438597,7699.0,95.0,100.0,2481.0,100.0,13.9,Public,66.0
104,10425.070175438597,11218.0,90.0,100.0,3239.0,96.0,18.9,Public,69.0
105,10425.070175438597,7699.0,94.0,100.0,1717.0,94.0,21.3,Public,59.0
106,16530.0,16530.0,26.0,63.0,306.0,81.0,8.9,Private,73.0
107,13226.0,13226.0,23.0,48.0,538.0,86.0,13.6,Private,62.0
108,13584.0,13584.0,40.0,73.0,888.0,88.0,13.9,Private,100.0
109,17230.0,17230.0,45.0,71.0,2477.0,90.0,11.4,Private,68.0
110,16320.0,16320.0,36.0,66.0,582.0,87.0,11.2,Private,65.0
111,14320.0,14320.0,42.0,72.0,351.0,77.0,14.9,Public,87.0
112,16249.0,16249.0,35.0,63.0,344.0,84.0,13.6,Private,52.0
113,13020.0,13020.0,0.0,0.0,111.0,28.0,13.5,Private,54.0
114,10560.0,10560.0,0.0,0.0,18.0,100.0,7.2,Private,55.0
116,1204.0,8725.0,0.0,66.0,415.0,82.0,13.4,Public,24.0
117,13600.0,13600.0,40.0,70.0,886.0,93.0,15.6,Private,66.0
118,13400.0,13400.0,22.0,59.0,67.0,68.0,10.9,Private,71.0
119,13592.0,13592.0,42.0,64.0,753.0,84.0,14.2,Private,84.0
120,10800.0,10800.0,30.0,75.0,144.0,55.0,13.1,Private,55.0
121,1386.0,1672.0,16.0,44.0,569.0,63.0,27.9,Public,60.0
122,17142.0,17142.0,56.0,87.0,490.0,85.0,11.3,Private,84.0
123,1829.0,7731.0,12.0,37.0,1697.0,75.0,21.5,Public,40.0
124,2124.0,8412.0,29.0,65.0,2194.0,87.0,19.2,Public,59.0
125,1450.0,6198.0,16.0,35.0,1123.0,89.0,19.1,Public,46.0
126,1434.0,5016.0,6.0,18.0,891.0,48.0,28.8,Public,59.0
127,1494.0,5790.0,6.0,23.0,1662.0,75.0,21.1,Public,25.0
128,12700.0,12700.0,0.0,0.0,308.0,90.0,14.8,Private,53.0
129,1644.0,7100.0,10.0,34.0,605.0,63.0,19.4,Public,36.0
130,4790.153846153846,7731.0,72.0,95.0,1160.0,40.0,8.2,Public,88.0
131,2230.0,12563.0,28.0,65.0,3436.0,90.0,19.9,Public,66.0
132,15192.0,15192.0,29.0,60.0,580.0,84.0,15.9,Private,67.0
133,1819.0,5918.0,7.0,24.0,604.0,76.0,19.4,Public,52.0
135,1828.0,9244.0,30.0,74.0,261.0,89.0,18.1,Public,24.0
137,13290.0,13290.0,17.0,45.0,103.0,90.0,11.5,Private,63.0
138,1842.0,5962.0,6.0,24.0,902.0,69.0,16.7,Public,49.0
139,18740.0,18740.0,42.0,93.0,438.0,86.0,10.7,Private,91.0
141,15000.0,15000.0,30.0,66.0,781.0,86.0,15.1,Private,94.0
142,10600.0,10600.0,0.0,11.0,336.0,79.0,15.6,Private,79.0
144,12030.0,12030.0,17.0,45.0,806.0,63.0,12.0,Private,86.0
145,11070.0,11070.0,19.0,51.0,509.0,71.0,14.8,Private,82.0
146,1842.0,5962.0,4.0,14.0,1044.0,62.0,15.8,Public,45.0
147,12200.0,12200.0,20.0,52.0,96.0,87.0,11.2,Private,76.0
148,18810.0,18810.0,46.0,84.0,478.0,91.0,10.4,Private,91.0
149,11673.75,12350.0,72.0,97.0,277.0,31.0,8.3,Public,71.0
150,12500.0,12500.0,16.0,36.0,153.0,76.0,7.9,Private,51.0
151,14220.0,14220.0,11.0,26.0,1194.0,61.0,10.7,Private,66.0
152,19130.0,19130.0,60.0,86.0,712.0,90.0,12.1,Private,92.0
153,1842.0,5962.0,14.0,50.0,564.0,71.0,16.9,Public,50.0
154,19840.0,19840.0,95.0,99.0,1317.0,96.0,5.8,Private,99.0
155,3824.0,11656.0,23.0,63.0,2064.0,89.0,16.0,Public,71.0
157,13712.0,13712.0,24.0,49.0,505.0,90.0,9.3,Private,75.0
159,17450.0,17450.0,38.0,71.0,1492.0,92.0,7.6,Private,72.0
160,18300.0,18300.0,71.0,93.0,1390.0,91.0,7.2,Private,95.0
161,7128.0,7128.0,0.0,0.0,1666.0,78.0,7.5,Private,46.0
163,11412.0,11412.0,19.0,49.0,100.0,89.0,8.3,Private,96.0
165,4878.0,4878.0,0.0,0.0,764.0,60.0,13.7,Public,26.0
166,6120.0,6120.0,10.0,27.0,284.0,25.0,27.6,Private,36.0
167,3690.0,10220.0,22.0,57.0,3252.0,82.0,18.3,Private,75.0
168,9890.0,9890.0,10.0,25.0,350.0,52.0,14.4,Private,84.0
169,5340.0,5340.0,0.0,0.0,635.0,46.0,12.5,Private,56.0
170,11290.0,11290.0,18.0,45.0,279.0,76.0,12.6,Private,72.0
171,5188.0,5188.0,12.0,30.0,542.0,48.0,13.8,Private,58.0
173,13900.0,13900.0,39.0,74.0,523.0,90.0,10.6,Private,57.0
175,7800.0,7800.0,14.0,40.0,958.0,37.0,16.5,Private,44.0
177,1800.0,6700.0,0.0,0.0,826.0,90.0,15.6,Public,48.0
178,4160.0,4160.0,0.0,0.0,557.0,38.0,17.1,Private,35.0
179,15360.0,15360.0,33.0,65.0,366.0,82.0,12.8,Private,59.0
180,8025.0,8025.0,20.0,44.0,374.0,65.0,17.4,Private,68.0
181,1780.0,6680.0,50.0,90.0,3023.0,80.0,23.1,Public,58.0
183,13900.0,13900.0,0.0,0.0,315.0,69.0,19.0,Private,65.0
184,8550.0,8550.0,0.0,0.0,257.0,90.0,20.4,Private,23.0
185,16425.0,16425.0,31.0,55.0,382.0,81.0,13.3,Private,90.0
187,12315.0,12315.0,37.0,69.0,489.0,85.0,12.5,Private,73.0
188,1820.0,7090.0,54.0,85.0,3623.0,88.0,13.4,Public,66.0
189,16500.0,16500.0,42.0,69.0,1643.0,82.0,5.9,Private,59.0
190,1856.0,6760.0,29.0,63.0,1876.0,84.0,17.0,Public,47.0
192,5590.0,5590.0,5.0,27.0,79.0,53.0,15.1,Private,90.0
193,1716.0,6618.0,25.0,60.0,1918.0,80.0,22.2,Public,46.0
194,1597.0,6172.0,20.0,57.0,472.0,83.0,23.4,Public,53.0
195,5120.0,5120.0,18.0,52.0,338.0,52.0,18.1,Private,69.0
196,6200.0,6200.0,0.0,0.0,134.0,53.0,14.4,Private,42.0
198,1695.0,6597.0,42.0,89.0,1071.0,81.0,13.9,Public,66.0
199,1732.0,6634.0,44.0,85.0,560.0,82.0,17.8,Public,47.0
200,12960.0,12960.0,60.0,89.0,137.0,92.0,7.7,Private,59.0
201,1772.0,4535.0,10.0,22.0,580.0,65.0,17.0,Public,62.0
202,2028.0,5604.0,0.0,0.0,1263.0,45.0,10.5,Public,88.0
203,7908.0,7908.0,0.0,0.0,790.0,63.0,14.9,Private,53.0
204,1422.0,4266.0,0.0,0.0,870.0,65.0,18.9,Public,38.0
205,8050.0,8050.0,37.0,68.0,480.0,80.0,16.3,Private,63.0
206,9592.0,9592.0,12.0,41.0,158.0,71.0,13.7,Private,49.0
207,4371.0,4371.0,10.0,26.0,1202.0,62.0,12.6,Private,18.0
208,1381.0,2763.0,0.0,0.0,774.0,61.0,16.5,Public,32.0
209,17600.0,17600.0,76.0,97.0,1236.0,97.0,5.0,Private,96.0
210,1341.0,2682.0,0.0,0.0,649.0,59.0,13.9,Public,39.0
211,1899.0,6489.0,89.0,99.0,2276.0,92.0,19.3,Public,70.0
212,1341.0,4023.0,0.0,0.0,297.0,52.0,17.3,Public,36.0
213,1808.0,4571.0,0.0,0.0,3034.0,60.0,19.7,Public,46.0
214,1578.0,4158.0,0.0,0.0,330.0,50.0,18.1,Public,26.0
215,2154.0,6744.0,9.0,24.0,1238.0,87.0,19.0,Public,34.0
216,1422.0,2844.0,0.0,0.0,1161.0,62.0,19.8,Public,21.0
217,6987.0,6987.0,15.0,35.0,177.0,77.0,12.5,Private,75.0
218,11985.0,11985.0,37.0,70.0,564.0,93.0,9.2,Private,91.0
219,7050.0,7050.0,41.0,66.0,722.0,71.0,17.8,Private,83.0
220,6770.0,6770.0,0.0,0.0,595.0,49.0,15.7,Private,21.0
221,1382.0,4145.0,0.0,45.0,775.0,60.0,17.5,Public,53.0
222,12900.0,12900.0,56.0,87.0,186.0,91.0,13.1,Private,67.0
223,5460.0,5460.0,0.0,0.0,225.0,48.0,10.9,Private,27.0
224,5640.0,5640.0,20.0,40.0,127.0,89.0,13.2,Private,31.0
225,1800.0,3200.0,12.0,39.0,726.0,60.0,19.0,Public,48.0
226,7210.0,7210.0,23.0,70.0,165.0,62.0,13.2,Private,58.0
227,7000.0,7000.0,47.0,83.0,443.0,73.0,12.5,Private,65.0
228,6072.0,6072.0,18.0,36.0,182.0,48.0,16.8,Private,54.0
229,1899.0,5697.0,43.0,79.0,3320.0,88.0,14.7,Public,63.0
230,1770.0,4617.0,0.0,0.0,1586.0,67.0,20.0,Public,45.0
231,11500.0,11500.0,38.0,0.0,109.0,68.0,7.6,Private,52.0
232,1806.0,4650.0,0.0,0.0,1331.0,59.0,19.2,Public,40.0
233,1694.0,4457.0,0.0,0.0,829.0,70.0,21.4,Public,52.0
234,9700.0,9700.0,21.0,48.0,181.0,73.0,19.0,Private,56.0
235,8325.0,8325.0,20.0,65.0,386.0,14.0,16.1,Private,55.0
238,1460.0,4460.0,36.0,69.0,1627.0,85.0,11.8,Public,54.0
240,480.0,2920.0,20.0,54.0,500.0,72.0,15.8,Public,31.0
241,10260.0,10260.0,16.0,44.0,155.0,39.0,13.1,Private,58.0
242,13306.0,13306.0,32.0,70.0,285.0,62.0,8.8,Private,78.0
243,10938.0,10938.0,31.0,65.0,401.0,76.0,13.5,Private,67.0
244,10740.0,10740.0,14.0,45.0,167.0,67.0,11.0,Private,74.0
245,13925.0,13925.0,29.0,60.0,275.0,73.0,12.7,Private,67.0
246,15248.0,15248.0,33.0,68.0,383.0,71.0,12.2,Private,64.0
247,9800.0,9800.0,25.0,50.0,328.0,61.0,12.5,Private,87.0
248,13420.0,13420.0,34.0,65.0,839.0,88.0,15.0,Private,77.0
249,9100.0,9100.0,14.0,41.0,242.0,51.0,23.6,Private,47.0
250,9820.0,9820.0,11.0,36.0,233.0,32.0,12.6,Private,32.0
251,15688.0,15688.0,56.0,91.0,432.0,88.0,9.5,Private,83.0
252,2291.0,7550.0,26.0,59.0,3441.0,81.0,19.2,Public,65.0
254,11200.0,11200.0,20.0,39.0,527.0,61.0,14.2,Private,70.0
255,13240.0,13240.0,38.0,72.0,587.0,73.0,13.8,Private,77.0
256,9980.0,9980.0,0.0,0.0,93.0,44.0,12.3,Private,69.0
257,10520.0,10520.0,16.0,36.0,239.0,48.0,13.0,Private,56.0
258,10500.0,10500.0,20.0,49.0,159.0,44.0,11.3,Private,64.0
259,9900.0,9900.0,16.0,33.0,95.0,32.0,13.6,Private,21.0
260,9900.0,9900.0,22.0,56.0,366.0,68.0,14.9,Private,68.0
261,11250.0,11250.0,27.0,57.0,300.0,66.0,15.8,Private,70.0
262,10450.0,10450.0,12.0,48.0,276.0,56.0,14.1,Private,70.0
263,2291.0,6197.0,18.0,52.0,1853.0,78.0,16.3,Public,77.0
264,10430.0,10430.0,11.0,39.0,137.0,85.0,16.5,Private,45.0
266,8840.0,8840.0,10.0,35.0,192.0,69.0,17.4,Private,78.0
267,11600.0,11600.0,34.0,66.0,345.0,66.0,12.4,Private,67.0
268,9980.0,9980.0,10.0,18.0,123.0,46.0,12.0,Private,51.0
269,10000.0,10000.0,10.0,33.0,140.0,35.0,13.3,Private,40.0
270,6575.0,2093.0,0.0,0.0,1888.0,59.0,17.0,Public,25.0
271,13500.0,13500.0,38.0,62.0,158.0,67.0,9.4,Private,55.0
272,6575.0,4500.0,0.0,40.0,1137.0,67.0,16.5,Public,33.0
273,1412.0,5120.0,0.0,0.0,428.0,60.0,12.1,Public,44.0
274,9840.0,9840.0,29.0,52.0,385.0,59.0,14.8,Private,58.0
275,1548.0,5962.0,24.0,49.0,1337.0,82.0,13.5,Public,45.0
276,13353.0,13353.0,36.0,69.0,497.0,78.0,12.7,Private,71.0
278,9690.0,9690.0,15.0,36.0,111.0,57.0,9.7,Private,71.0
279,6500.0,6500.0,25.0,55.0,156.0,76.0,14.3,Private,51.0
280,10870.0,10870.0,30.0,58.0,1061.0,75.0,14.4,Private,85.0
281,9810.0,9810.0,30.0,56.0,160.0,52.0,17.5,Private,80.0
282,7310.0,7310.0,0.0,0.0,1117.0,18.0,13.4,Private,41.0
283,9216.0,9216.0,22.0,56.0,186.0,56.0,12.1,Private,75.0
284,11214.0,11214.0,30.0,58.0,1227.0,69.0,16.1,Private,63.0
285,1902.0,5710.0,12.0,38.0,1565.0,62.0,16.2,Public,76.0
286,10955.0,10955.0,36.0,56.0,113.0,62.0,10.6,Private,53.0
287,10310.0,10310.0,20.0,46.0,194.0,57.0,14.3,Private,60.0
288,8050.0,8050.0,28.0,63.0,262.0,75.0,15.6,Private,52.0
289,14550.0,14550.0,42.0,77.0,478.0,80.0,12.3,Private,56.0
290,2600.0,7799.0,10.0,35.0,2408.0,77.0,21.0,Public,54.0
291,1902.0,5706.0,14.0,27.0,631.0,78.0,15.1,Public,21.0
292,1848.0,5544.0,12.0,37.0,777.0,47.0,15.6,Public,18.0
293,14360.0,14360.0,55.0,86.0,471.0,77.0,12.9,Private,83.0
294,9414.0,9414.0,10.0,30.0,137.0,34.0,10.6,Private,56.0
295,6900.0,6900.0,15.0,15.0,121.0,24.0,15.9,Private,80.0
296,15747.0,15747.0,48.0,77.0,286.0,88.0,12.7,Private,79.0
297,16880.0,16880.0,31.0,70.0,271.0,91.0,10.7,Private,77.0
298,10560.0,10560.0,12.0,31.0,395.0,36.0,14.3,Private,61.0
299,11500.0,11500.0,25.0,55.0,868.0,94.0,6.2,Private,65.0
300,9620.0,9620.0,12.0,29.0,177.0,49.0,10.8,Private,59.0
301,7680.0,7680.0,16.0,43.0,119.0,70.0,17.7,Private,52.0
302,11910.0,11910.0,29.0,62.0,456.0,60.0,11.4,Private,75.0
303,13000.0,13000.0,28.0,57.0,204.0,91.0,11.6,Private,56.0
304,9090.0,9090.0,23.0,48.0,279.0,62.0,18.3,Private,71.0
305,11718.0,11718.0,30.0,64.0,308.0,73.0,16.4,Private,76.0
306,12580.0,12580.0,19.0,39.0,176.0,76.0,13.1,Private,74.0
307,2600.0,7799.0,12.0,37.0,2397.0,73.0,17.3,Public,56.0
308,16404.0,16404.0,85.0,98.0,1902.0,96.0,6.8,Private,92.0
309,7700.0,7700.0,0.0,58.0,388.0,39.0,14.6,Private,54.0
311,10100.0,10100.0,22.0,66.0,297.0,69.0,16.3,Private,80.0
313,8580.0,8580.0,13.0,40.0,218.0,75.0,12.2,Private,77.0
314,10950.0,10950.0,28.0,53.0,141.0,79.0,12.9,Private,81.0
315,2318.0,6953.0,0.0,0.0,2158.0,71.0,14.9,Public,44.0
316,1824.0,5472.0,13.0,40.0,994.0,76.0,16.5,Public,43.0
317,10500.0,10500.0,22.0,47.0,269.0,81.0,11.6,Private,75.0
318,10860.0,10860.0,15.0,65.0,295.0,87.0,13.7,Private,55.0
319,9600.0,9600.0,39.0,82.0,317.0,54.0,21.9,Private,28.0
320,18930.0,18930.0,68.0,94.0,922.0,99.0,5.3,Private,90.0
321,2760.0,7560.0,52.0,88.0,5705.0,87.0,17.4,Public,81.0
322,2520.0,7230.0,22.0,50.0,2710.0,82.0,10.0,Public,34.0
323,1902.0,5706.0,6.0,24.0,1563.0,77.0,17.2,Public,55.0
324,11480.0,11480.0,56.0,84.0,548.0,81.0,12.7,Private,85.0
325,10100.0,10100.0,19.0,40.0,423.0,48.0,12.1,Private,59.0
326,2864.0,7244.0,38.0,50.0,3849.0,69.0,17.7,Public,51.0
328,13130.0,13130.0,40.0,68.0,700.0,77.0,10.9,Private,83.0
329,14300.0,14300.0,50.0,80.0,495.0,78.0,11.1,Private,82.0
330,15036.0,15036.0,35.0,63.0,274.0,90.0,10.6,Private,78.0
331,11800.0,11800.0,35.0,67.0,694.0,60.0,15.8,Private,77.0
332,10390.0,10390.0,29.0,72.0,281.0,54.0,12.5,Private,60.0
333,9420.0,9420.0,26.0,51.0,221.0,51.0,9.9,Private,72.0
334,8958.0,8958.0,18.0,46.0,167.0,53.0,15.3,Private,64.0
335,8200.0,8200.0,33.0,65.0,317.0,84.0,10.6,Private,64.0
336,9950.0,9950.0,20.0,46.0,125.0,76.0,11.8,Private,47.0
337,11120.0,11120.0,26.0,51.0,388.0,55.0,11.1,Private,69.0
339,2040.0,4973.0,8.0,25.0,1292.0,56.0,22.0,Public,38.0
340,2984.0,9766.0,25.0,72.0,5873.0,77.0,21.3,Public,68.0
341,2369.0,6140.0,6.0,24.0,616.0,52.0,13.8,Public,24.0
342,2090.0,5170.0,7.0,32.0,1714.0,67.0,16.0,Public,41.0
343,2766.0,8490.0,5.0,27.0,2301.0,69.0,10.4,Public,25.0
344,2369.0,6140.0,4.0,26.0,723.0,60.0,14.7,Public,23.0
345,2369.0,6140.0,5.0,18.0,907.0,56.0,18.2,Public,33.0
346,2412.0,6594.0,10.0,30.0,980.0,69.0,14.4,Public,33.0
347,2369.0,6140.0,0.0,0.0,911.0,76.0,16.7,Public,33.0
348,10440.0,10440.0,23.0,63.0,239.0,63.0,11.8,Private,64.0
349,9990.0,9990.0,15.0,42.0,238.0,38.0,10.4,Private,61.0
350,9210.0,9210.0,20.0,48.0,366.0,49.0,39.8,Private,34.0
351,7620.0,7260.0,18.0,35.0,275.0,41.0,11.5,Private,62.0
352,2884.0,9556.0,29.0,60.0,5874.0,86.0,18.2,Public,67.0
354,13380.0,13380.0,73.0,93.0,381.0,91.0,13.6,Private,97.0
355,8670.0,8670.0,13.0,36.0,85.0,43.0,12.5,Private,48.0
356,11200.0,11200.0,24.0,42.0,225.0,55.0,14.8,Private,67.0
358,10300.0,10300.0,23.0,50.0,88.0,44.0,10.2,Private,75.0
359,12730.0,12730.0,26.0,60.0,393.0,74.0,9.9,Private,98.0
361,10965.0,10965.0,41.0,80.0,437.0,60.0,14.2,Private,98.0
362,9456.0,9456.0,14.0,40.0,276.0,53.0,12.8,Private,65.0
363,16850.0,16850.0,79.0,96.0,1906.0,96.0,13.1,Private,97.0
364,11800.0,11800.0,49.0,81.0,520.0,87.0,14.2,Private,95.0
365,12925.0,12925.0,41.0,76.0,256.0,78.0,9.9,Private,72.0
366,2802.0,6892.0,10.0,31.0,3147.0,72.0,16.6,Public,40.0
367,8620.0,8620.0,21.0,47.0,206.0,58.0,11.0,Private,65.0
368,8740.0,8740.0,16.0,41.0,200.0,62.0,11.6,Private,48.0
369,8540.0,8540.0,19.0,42.0,122.0,61.0,8.8,Private,56.0
370,1734.0,4869.0,0.0,33.0,806.0,65.0,18.1,Public,44.0
371,8516.0,8516.0,5.0,24.0,172.0,55.0,25.0,Private,49.0
372,1778.0,5424.0,11.0,30.0,813.0,52.0,23.2,Public,58.0
373,1729.0,5401.0,43.0,79.0,853.0,72.0,19.3,Public,50.0
374,1713.0,6995.0,25.0,55.0,2833.0,76.0,18.5,Public,54.0
375,8400.0,8400.0,16.0,40.0,148.0,63.0,12.4,Private,68.0
376,7950.0,7950.0,11.0,32.0,93.0,54.0,9.8,Private,48.0
377,7250.0,7250.0,8.0,19.0,236.0,47.0,14.5,Private,46.0
378,7200.0,7200.0,28.0,66.0,75.0,56.0,11.8,Private,52.0
379,7800.0,7800.0,25.0,60.0,66.0,50.0,8.2,Private,53.0
380,8280.0,8280.0,20.0,43.0,127.0,50.0,16.1,Private,36.0
381,7850.0,7850.0,19.0,41.0,109.0,55.0,10.0,Private,53.0
382,1650.0,6994.0,25.0,50.0,3681.0,88.0,13.7,Public,57.0
383,2790.0,4774.0,0.0,36.0,560.0,82.0,13.8,Public,53.0
384,1650.0,6994.0,0.0,39.0,896.0,82.0,20.4,Public,32.0
385,6840.0,6840.0,15.0,36.0,225.0,33.0,15.4,Private,49.0
386,9550.0,9550.0,14.0,24.0,222.0,64.0,14.1,Private,58.0
387,5656.55,3800.0,20.0,45.0,289.0,56.0,19.4,Private,31.0
389,8840.0,8840.0,39.0,63.0,308.0,74.0,13.1,Private,84.0
390,5656.55,6540.0,35.0,60.0,455.0,77.0,13.2,Private,57.0
391,7500.0,7500.0,17.0,42.0,99.0,49.0,10.1,Private,56.0
392,6060.0,6060.0,25.0,55.0,298.0,62.0,17.7,Private,49.0
393,8400.0,8400.0,10.0,45.0,97.0,50.0,10.6,Private,89.0
394,11850.0,11850.0,55.0,82.0,288.0,95.0,11.4,Private,74.0
395,6230.0,6230.0,26.0,47.0,398.0,42.0,13.0,Private,63.0
396,1700.0,4700.0,0.0,0.0,2445.0,82.0,19.8,Public,39.0
397,8000.0,8100.0,30.0,55.0,286.0,73.0,13.3,Private,55.0
398,1340.0,4120.0,6.0,22.0,424.0,60.0,15.0,Public,19.0
399,8000.0,8000.0,20.0,49.0,175.0,57.0,11.3,Private,62.0
401,1580.0,4740.0,0.0,0.0,1300.0,58.0,19.9,Public,52.0
402,1580.0,4738.0,29.0,55.0,1190.0,72.0,20.2,Public,52.0
403,6000.0,6000.0,28.0,48.0,169.0,48.0,13.4,Private,61.0
404,10900.0,10900.0,57.0,81.0,244.0,81.0,12.1,Private,70.0
405,7800.0,7800.0,9.0,45.0,177.0,60.0,14.1,Private,64.0
406,2160.0,6640.0,0.0,0.0,2675.0,95.0,12.2,Public,52.0
407,2180.0,6540.0,16.0,33.0,1823.0,84.0,11.1,Public,31.0
408,9490.0,9490.0,0.0,0.0,218.0,65.0,10.5,Private,66.0
409,1801.0,4961.0,0.0,0.0,2082.0,66.0,19.1,Public,45.0
410,1720.0,4720.0,0.0,0.0,1682.0,66.0,17.7,Public,52.0
411,8950.0,8950.0,35.0,55.0,210.0,86.0,11.3,Private,66.0
412,6700.0,6700.0,41.0,88.0,651.0,52.0,14.1,Private,61.0
413,1980.0,4572.0,0.0,0.0,1092.0,65.0,21.8,Public,36.0
414,1044.0,1044.0,27.0,65.0,1900.0,46.0,24.6,Public,58.0
415,5150.0,5150.0,33.0,61.0,212.0,64.0,10.5,Private,59.0
416,2262.0,3957.0,22.0,45.0,1525.0,66.0,20.0,Public,45.0
417,2625.0,5925.0,29.0,57.0,3079.0,83.0,15.9,Public,37.0
418,1950.0,4990.0,0.0,0.0,500.0,62.0,18.1,Public,35.0
419,2362.0,5154.0,0.0,0.0,1501.0,75.0,17.9,Public,19.0
420,11100.0,11100.0,24.0,80.0,719.0,77.0,11.7,Private,53.0
421,1966.0,3450.0,0.0,0.0,1525.0,69.0,21.1,Public,34.0
422,1644.0,3804.0,0.0,41.0,1840.0,57.0,20.6,Public,21.0
423,2040.0,4040.0,0.0,0.0,1330.0,67.0,29.5,Public,33.0
424,4400.0,4400.0,0.0,0.0,171.0,72.0,16.1,Private,73.0
425,1910.0,3854.0,0.0,0.0,2297.0,61.0,24.3,Public,29.0
426,1451.0,3009.0,10.0,30.0,490.0,62.0,19.6,Public,35.0
427,19040.0,19040.0,47.0,75.0,1223.0,98.0,9.1,Private,74.0
428,1898.0,4898.0,0.0,0.0,2664.0,63.0,22.7,Public,30.0
429,6900.0,6900.0,34.0,61.0,695.0,67.0,14.4,Private,49.0
430,2028.0,3950.0,37.0,45.0,1711.0,50.0,15.9,Public,33.0
431,8700.0,8700.0,9.0,22.0,220.0,78.0,14.7,Private,69.0
432,19760.0,19760.0,83.0,96.0,418.0,93.0,8.4,Private,100.0
433,10800.0,10800.0,9.0,34.0,82.0,45.0,11.7,Private,82.0
434,12000.0,12000.0,23.0,59.0,491.0,93.0,13.8,Private,88.0
435,12500.0,12500.0,18.0,36.0,514.0,73.0,16.8,Private,80.0
436,16600.0,16600.0,30.0,68.0,407.0,93.0,16.8,Private,94.0
437,13800.0,13800.0,20.0,60.0,640.0,87.0,17.5,Private,82.0
438,11550.0,11550.0,0.0,0.0,712.0,15.0,10.2,Private,38.0
439,16640.0,16640.0,66.0,94.0,2154.0,95.0,16.6,Private,90.0
440,18420.0,18420.0,45.0,80.0,3810.0,80.0,11.9,Private,72.0
441,14080.0,14080.0,5.0,36.0,151.0,57.0,10.2,Private,46.0
442,19380.0,19380.0,48.0,77.0,740.0,90.0,9.8,Private,84.0
443,17500.0,17500.0,30.0,61.0,457.0,94.0,10.5,Private,79.0
444,11800.0,11800.0,23.0,46.0,125.0,71.0,11.3,Private,86.0
445,18000.0,18000.0,70.0,95.0,659.0,92.0,11.3,Private,95.0
446,13600.0,13600.0,5.0,25.0,283.0,39.0,8.7,Private,58.0
447,8770.0,8770.0,17.0,40.0,200.0,58.0,17.3,Private,70.0
450,12200.0,12200.0,25.0,54.0,282.0,73.0,14.2,Private,66.0
451,18485.0,18485.0,90.0,100.0,1606.0,97.0,9.9,Private,100.0
453,11700.0,11700.0,12.0,33.0,82.0,71.0,27.8,Private,58.0
454,4694.0,9838.0,8.0,29.0,1093.0,81.0,16.1,Public,53.0
455,20100.0,20100.0,96.0,99.0,1078.0,99.0,10.1,Private,94.0
456,1408.0,5542.0,4.0,21.0,1064.0,73.0,17.1,Public,51.0
459,1408.0,5542.0,1.0,19.0,240.0,65.0,14.2,Public,57.0
460,1408.0,5542.0,0.0,0.0,1334.0,55.0,21.0,Public,45.0
461,1408.0,5542.0,3.0,20.0,825.0,75.0,15.7,Public,65.0
462,2663.0,6797.0,4.0,26.0,543.0,60.0,21.0,Public,40.0
463,19300.0,19300.0,47.0,79.0,526.0,79.0,9.0,Private,84.0
464,9810.0,9810.0,0.0,0.0,795.0,32.0,13.5,Private,77.0
466,13380.0,13380.0,16.0,42.0,2517.0,73.0,12.9,Private,46.0
467,15190.0,15190.0,0.0,10.0,125.0,46.0,8.9,Private,67.0
468,12700.0,12700.0,18.0,38.0,143.0,81.0,10.3,Private,84.0
469,16160.0,16160.0,23.0,53.0,295.0,74.0,8.9,Private,79.0
470,18820.0,18820.0,51.0,88.0,632.0,85.0,10.3,Private,90.0
471,1836.0,6919.0,10.0,37.0,1006.0,74.0,15.0,Public,56.0
472,9438.0,9438.0,0.0,0.0,519.0,55.0,12.8,Private,76.0
473,12170.0,12170.0,25.0,69.0,585.0,79.0,13.0,Private,97.0
474,10584.0,10584.0,11.0,32.0,356.0,95.0,13.3,Private,60.0
475,19701.0,19701.0,60.0,90.0,1205.0,99.0,10.3,Private,92.0
476,2220.0,8566.0,12.0,39.0,3816.0,88.0,16.7,Public,68.0
477,2220.0,8568.0,10.0,29.0,800.0,86.0,14.5,Public,41.0
478,18345.0,18345.0,80.0,96.0,579.0,94.0,10.6,Private,91.0
479,8994.0,8994.0,7.0,21.0,409.0,74.0,15.4,Private,59.0
480,18460.0,18460.0,21.0,55.0,417.0,92.0,13.2,Private,71.0
481,13472.0,13472.0,0.0,25.0,161.0,74.0,9.6,Private,74.0
482,19629.0,19629.0,81.0,96.0,526.0,94.0,9.0,Private,99.0
483,15884.0,15884.0,49.0,86.0,682.0,92.0,15.2,Private,82.0
484,20655.0,20655.0,26.0,56.0,309.0,79.0,11.4,Private,62.0
485,16900.0,16900.0,0.0,0.0,132.0,76.0,8.2,Private,84.0
486,9850.0,9850.0,6.0,25.0,452.0,10.0,15.4,Private,64.0
487,8400.0,8400.0,10.0,52.0,35.0,10.0,12.1,Private,52.0
488,2141.0,4869.0,0.0,0.0,407.0,57.0,22.0,Public,17.0
489,11180.0,11180.0,35.0,61.0,177.0,64.0,11.5,Private,75.0
490,9500.0,9500.0,13.0,34.0,101.0,47.0,13.9,Private,63.0
492,2431.0,5428.0,0.0,0.0,911.0,78.0,17.8,Public,54.0
493,15588.0,15588.0,40.0,64.0,248.0,78.0,9.2,Private,77.0
494,13960.0,13960.0,36.0,64.0,176.0,82.0,14.4,Private,72.0
495,18800.0,18800.0,75.0,94.0,911.0,96.0,3.3,Private,90.0
496,12990.0,12990.0,25.0,54.0,738.0,86.0,14.7,Private,80.0
497,1794.0,4136.0,20.0,80.0,1358.0,80.0,18.2,Public,29.0
498,12850.0,12850.0,15.0,36.0,328.0,77.0,12.8,Private,80.0
499,2328.0,5130.0,20.0,52.0,736.0,73.0,17.9,Public,56.0
500,16150.0,16150.0,31.0,51.0,122.0,63.0,7.2,Private,64.0
501,4000.0,6800.0,42.0,73.0,285.0,84.0,11.6,Public,63.0
502,2166.0,5166.0,0.0,0.0,1215.0,76.0,17.6,Public,60.0
503,8590.238095238095,8723.0,50.0,85.0,1181.0,54.0,6.8,Public,94.0
504,2919.0,8723.0,22.0,53.0,3409.0,89.0,18.1,Public,63.0
505,3338.0,8594.0,27.0,57.0,985.0,82.0,18.4,Public,55.0
506,2674.0,7014.0,0.0,0.0,508.0,56.0,17.8,Public,35.0
507,7400.0,7400.0,0.0,52.0,237.0,39.0,10.2,Private,72.0
508,15276.0,15276.0,31.0,60.0,214.0,79.0,11.2,Private,65.0
509,14510.0,14510.0,31.0,50.0,278.0,84.0,12.5,Private,60.0
510,2700.0,6600.0,10.0,40.0,235.0,67.0,15.2,Public,35.0
511,25180.0,25180.0,53.0,90.0,577.0,79.0,9.8,Private,93.0
512,19030.0,19030.0,76.0,100.0,418.0,93.0,11.2,Private,96.0
513,18930.0,18930.0,58.0,84.0,456.0,83.0,10.2,Private,91.0
514,2790.0,6810.0,20.0,48.0,438.0,67.0,15.9,Public,59.0
515,1968.0,4800.0,5.0,28.0,104.0,65.0,15.0,Public,38.0
516,7800.0,7800.0,10.0,30.0,361.0,36.0,22.0,Private,84.0
517,11450.0,11450.0,19.0,54.0,265.0,72.0,11.4,Private,64.0
518,9985.0,9985.0,12.0,33.0,217.0,53.0,27.2,Private,85.0
519,8850.0,8850.0,18.0,65.0,139.0,29.0,21.8,Private,75.0
520,3085.0,7975.0,23.0,52.0,1741.0,93.0,14.5,Public,56.0
521,2700.0,6600.0,17.0,45.0,172.0,46.0,15.1,Public,64.0
522,8750.0,9550.0,0.0,0.0,185.0,45.0,11.4,Private,44.0
524,11250.0,11250.0,22.0,50.0,336.0,53.0,12.9,Private,54.0
525,13868.0,13868.0,37.0,68.0,489.0,89.0,13.7,Private,73.0
526,12572.0,12572.0,44.0,73.0,385.0,79.0,15.3,Private,68.0
527,9996.0,9996.0,14.0,23.0,322.0,62.0,11.5,Private,46.0
528,11208.0,11208.0,20.0,51.0,219.0,55.0,12.7,Private,65.0
529,10230.0,10230.0,29.0,56.0,913.0,75.0,14.8,Private,81.0
530,2725.0,6660.0,0.0,0.0,2539.0,66.0,20.4,Public,70.0
531,10430.0,10430.0,19.0,39.0,74.0,55.0,11.6,Private,84.0
532,5519.0,5519.0,0.0,0.0,139.0,85.0,12.9,Private,16.0
533,2482.0,6360.0,0.0,0.0,2242.0,74.0,20.6,Public,49.0
534,3412.0,6911.0,0.0,0.0,3395.0,38.0,18.2,Public,57.0
535,2422.0,6108.0,20.0,60.0,1561.0,64.0,20.6,Public,57.0
536,11090.0,11090.0,35.0,66.0,347.0,80.0,12.0,Private,79.0
537,12275.0,12275.0,37.0,69.0,624.0,72.0,12.5,Private,72.0
538,16179.0,16179.0,55.0,84.0,338.0,75.0,12.4,Private,74.0
539,6759.0,6759.0,28.0,67.0,312.0,40.0,15.8,Private,45.0
540,5040.0,5040.0,13.0,27.0,231.0,54.0,14.7,Private,57.0
541,8094.0,8094.0,10.0,75.0,125.0,51.0,10.6,Private,23.0
542,4103.0,10658.0,23.0,57.0,6180.0,93.0,14.0,Public,71.0
543,3510.0,8127.0,42.0,77.0,1032.0,82.0,17.0,Public,65.0
544,3312.0,6456.0,10.0,28.0,522.0,47.0,19.9,Public,51.0
545,2076.0,3880.0,0.0,25.0,1432.0,59.0,22.0,Public,51.0
546,3123.0,9114.0,16.0,56.0,1173.0,88.0,19.7,Public,53.0
547,10500.0,10500.0,0.0,0.0,296.0,53.0,16.0,Private,51.0
548,2674.0,5673.0,0.0,0.0,687.0,77.0,18.2,Public,40.0
549,9240.0,9240.0,10.0,31.0,183.0,29.0,7.2,Private,47.0
550,8600.0,8600.0,15.0,32.0,181.0,48.0,15.4,Private,49.0
551,11130.0,11130.0,24.0,50.0,415.0,72.0,13.5,Private,51.0
552,3440.0,10116.0,37.0,72.0,882.0,80.0,18.0,Public,63.0
553,2916.0,9534.0,23.0,55.0,551.0,70.0,17.7,Public,64.0
554,3271.0,7162.0,0.0,44.0,1543.0,85.0,10.9,Public,41.0
555,2785.0,6940.0,24.0,53.0,2738.0,80.0,24.7,Public,55.0
557,11230.0,11230.0,1.0,20.0,203.0,8.0,6.8,Private,47.0
558,9450.0,9450.0,5.0,25.0,285.0,33.0,91.8,Private,35.0
559,5040.0,15732.0,66.0,92.0,4893.0,90.0,11.5,Public,87.0
560,11902.0,11902.0,12.0,30.0,257.0,65.0,12.8,Private,58.0
561,2133.0,4425.0,12.0,36.0,546.0,57.0,19.6,Public,46.0
562,19292.0,19292.0,75.0,93.0,489.0,81.0,10.4,Private,91.0
563,12247.0,12247.0,29.0,62.0,511.0,70.0,13.1,Private,72.0
564,12224.0,12224.0,23.0,51.0,186.0,63.0,11.5,Private,77.0
565,11844.0,11844.0,29.0,60.0,278.0,54.0,11.6,Private,72.0
566,11712.0,11712.0,26.0,53.0,828.0,80.0,13.8,Private,89.0
568,10500.0,10500.0,13.0,29.0,139.0,69.0,12.8,Private,45.0
569,14125.0,14125.0,36.0,72.0,634.0,79.0,12.5,Private,80.0
570,13252.0,13252.0,34.0,73.0,328.0,89.0,13.0,Private,65.0
571,15909.0,15909.0,56.0,86.0,452.0,85.0,11.9,Private,77.0
572,2600.0,4300.0,9.0,29.0,1547.0,57.0,19.0,Public,68.0
573,2134.0,4426.0,12.0,37.0,1189.0,76.0,18.1,Public,60.0
575,2285.0,4285.0,13.0,33.0,511.0,58.0,16.5,Public,51.0
576,2270.0,4259.0,10.0,34.0,1921.0,70.0,18.9,Public,58.0
577,12247.0,12247.0,18.0,45.0,444.0,76.0,12.0,Private,70.0
578,10800.0,10800.0,14.0,35.0,367.0,68.0,18.8,Private,78.0
579,14350.0,14350.0,38.0,73.0,745.0,82.0,10.0,Private,83.0
580,2994.0,8828.0,15.0,45.0,1656.0,79.0,19.0,Public,53.0
581,3330.0,9843.0,56.0,86.0,588.0,74.0,14.6,Public,51.0
582,2200.0,4200.0,20.0,45.0,1301.0,53.0,20.2,Public,58.0
583,3171.0,8949.0,26.0,55.0,3524.0,88.0,12.2,Public,45.0
584,11050.0,11050.0,0.0,0.0,310.0,60.0,12.1,Private,68.0
585,8950.0,8950.0,14.0,43.0,86.0,57.0,10.6,Private,54.0
586,7780.0,7780.0,11.0,32.0,210.0,50.0,15.1,Private,49.0
587,2310.0,4620.0,10.0,35.0,1436.0,69.0,19.7,Public,50.0
588,8294.0,8294.0,10.0,28.0,132.0,87.0,15.3,Private,37.0
589,8000.0,8000.0,24.0,55.0,274.0,51.0,14.1,Private,51.0
590,8730.0,8730.0,33.0,66.0,314.0,82.0,13.2,Private,67.0
591,8390.0,8390.0,16.0,49.0,126.0,45.0,21.5,Private,62.0
594,9200.0,9200.0,6.0,33.0,356.0,65.0,24.1,Private,100.0
595,9250.0,9250.0,26.0,51.0,169.0,52.0,13.1,Private,61.0
596,1920.0,3840.0,13.0,50.0,913.0,52.0,20.3,Public,100.0
597,8550.0,8550.0,5.0,35.0,316.0,35.0,17.4,Private,27.0
598,1998.0,3900.0,8.0,30.0,848.0,54.0,19.0,Public,40.0
599,2704.0,4856.0,36.0,72.0,1620.0,69.0,15.7,Public,76.0
600,2130.0,3735.0,8.0,29.0,1257.0,62.0,21.7,Public,54.0
601,3750.0,3750.0,15.0,35.0,65.0,39.0,18.4,Private,49.0
602,9490.0,9490.0,22.0,50.0,345.0,60.0,10.7,Private,79.0
603,6942.5625,8470.0,9.0,40.0,326.0,53.0,14.3,Private,87.0
604,2550.0,4680.0,18.0,43.0,1408.0,75.0,17.1,Public,45.0
605,7070.0,7070.0,12.0,32.0,642.0,52.0,15.9,Private,71.0
606,2370.0,4740.0,15.0,37.0,3204.0,70.0,19.9,Public,56.0
607,11690.0,11690.0,44.0,67.0,956.0,84.0,4.6,Private,67.0
608,13900.0,13900.0,17.0,34.0,194.0,46.0,10.9,Private,59.0
609,3030.0,9057.0,32.0,62.0,2940.0,87.0,12.7,Public,58.0
610,3030.0,9057.0,49.0,77.0,823.0,88.0,14.4,Public,49.0
611,3475.0,9501.0,33.0,64.0,655.0,98.0,11.6,Public,44.0
612,2424.0,7246.0,18.0,54.0,479.0,71.0,13.4,Public,48.0
613,18350.0,18350.0,62.0,93.0,1254.0,91.0,3.9,Private,90.0
614,9160.0,9160.0,17.0,44.0,226.0,68.0,20.6,Private,48.0
615,10720.0,10720.0,20.0,43.0,184.0,66.0,12.5,Private,62.0
616,10060.0,10060.0,32.0,67.0,315.0,74.0,11.2,Private,59.0
617,10535.0,10535.0,17.0,39.0,227.0,39.0,12.9,Private,52.0
618,5780.0,5780.0,5.0,23.0,110.0,52.0,17.9,Private,32.0
620,4474.0,6616.0,0.0,0.0,481.0,45.0,14.1,Public,35.0
622,3660.0,3660.0,0.0,0.0,47.0,33.0,11.3,Private,66.0
623,1812.0,4528.0,15.0,48.0,459.0,49.0,17.1,Public,58.0
624,2230.0,4190.0,0.0,0.0,1561.0,60.0,15.4,Public,41.0
625,11320.0,11320.0,32.0,61.0,319.0,82.0,12.7,Private,58.0
626,5580.0,5580.0,36.0,57.0,307.0,77.0,16.5,Private,61.0
627,2244.0,4386.0,19.0,46.0,380.0,49.0,15.8,Public,63.0
628,4946.0,9866.0,18.0,57.0,1609.0,77.0,15.9,Public,53.0
629,2164.0,4306.0,10.0,40.0,580.0,43.0,18.6,Public,56.0
630,4000.0,4000.0,25.0,75.0,282.0,44.0,19.6,Private,49.0
631,5010.0,5010.0,18.0,49.0,311.0,53.0,14.5,Private,53.0
632,1996.0,4916.0,26.0,47.0,1669.0,81.0,20.3,Public,53.0
633,2392.0,4652.0,20.0,50.0,1046.0,78.0,18.7,Public,45.0
634,5115.0,5115.0,0.0,0.0,121.0,36.0,13.6,Private,19.0
635,8650.0,8650.0,29.0,55.0,261.0,49.0,14.1,Private,58.0
637,2142.0,5866.0,7.0,23.0,596.0,70.0,18.5,Public,40.0
638,2013.0,6073.0,45.0,72.0,320.0,71.0,16.4,Public,74.0
639,1576.0,5552.0,15.0,42.0,1779.0,75.0,17.6,Public,37.0
641,8734.0,8734.0,11.0,31.0,270.0,56.0,11.3,Private,68.0
642,2251.0,6311.0,0.0,0.0,1563.0,75.0,21.7,Public,30.0
643,1935.0,5658.0,0.0,0.0,256.0,50.0,16.4,Public,59.0
644,740.0,6806.0,12.0,33.0,1429.0,72.0,16.7,Public,44.0
645,740.0,6806.0,20.0,63.0,1910.0,83.0,18.3,Public,70.0
646,608.0,5972.0,32.0,74.0,394.0,77.0,13.0,Public,37.0
647,7420.0,7420.0,14.0,37.0,229.0,55.0,13.7,Private,67.0
648,4045.0,4045.0,6.0,16.0,480.0,50.0,13.5,Private,34.0
649,9000.0,9000.0,17.0,36.0,129.0,78.0,13.2,Private,52.0
650,5600.0,5600.0,17.0,38.0,193.0,63.0,12.1,Private,44.0
651,7550.0,7550.0,20.0,54.0,657.0,77.0,21.8,Private,63.0
652,9270.0,9270.0,13.0,34.0,291.0,75.0,13.5,Private,55.0
653,17295.0,17295.0,77.0,96.0,452.0,95.0,12.0,Private,94.0
654,18590.0,18590.0,90.0,98.0,1583.0,95.0,5.0,Private,97.0
655,764.0,7248.0,14.0,44.0,2435.0,74.0,13.2,Public,58.0
656,556.0,5030.0,12.0,46.0,405.0,68.0,14.1,Public,51.0
657,9100.0,9100.0,11.0,39.0,858.0,70.0,18.9,Private,63.0
658,740.0,6806.0,1.0,16.0,452.0,75.0,15.1,Public,24.0
659,8180.0,8180.0,18.0,36.0,332.0,65.0,15.2,Private,29.0
660,8330.0,8330.0,10.0,31.0,176.0,64.0,13.0,Private,39.0
661,13404.0,13404.0,18.0,44.0,326.0,78.0,15.6,Private,65.0
662,7550.0,7550.0,11.0,25.0,347.0,55.0,17.8,Private,62.0
663,5453.0,5453.0,6.0,14.0,407.0,61.0,14.2,Private,37.0
665,10100.0,10100.0,25.0,46.0,259.0,88.0,12.0,Private,66.0
666,4400.0,4400.0,22.0,47.0,217.0,53.0,10.4,Private,92.0
667,6950.0,6950.0,15.0,38.0,385.0,60.0,11.9,Private,69.0
668,6720.0,6720.0,25.0,58.0,376.0,77.0,13.9,Private,82.0
669,8850.0,8850.0,27.0,51.0,296.0,73.0,11.4,Private,56.0
670,8438.0,8438.0,10.0,24.0,103.0,42.0,11.1,Private,15.0
671,676.0,5730.0,8.0,26.0,559.0,66.0,15.4,Public,40.0
672,8242.0,8242.0,7.0,24.0,195.0,77.0,12.7,Private,52.0
673,628.0,6360.0,14.0,34.0,440.0,77.0,15.0,Public,48.0
674,8640.0,8640.0,11.0,25.0,159.0,62.0,12.2,Private,48.0
675,11020.0,11020.0,32.0,62.0,154.0,73.0,14.0,Private,58.0
676,10475.0,10475.0,28.0,69.0,132.0,68.0,11.2,Private,60.0
677,9192.0,9192.0,0.0,0.0,620.0,71.0,14.4,Private,69.0
678,10375.0,10375.0,0.0,0.0,170.0,79.0,13.8,Private,56.0
679,3850.0,3850.0,24.0,49.0,457.0,43.0,14.0,Private,56.0
680,874.0,8400.0,39.0,78.0,3176.0,92.0,17.5,Public,62.0
681,874.0,8400.0,75.0,92.0,3331.0,88.0,8.9,Public,83.0
682,764.0,7248.0,19.0,62.0,1730.0,79.0,16.8,Public,62.0
683,931.0,8677.0,15.0,44.0,1500.0,75.0,15.5,Public,53.0
684,13850.0,13850.0,75.0,88.0,903.0,95.0,4.3,Private,89.0
685,10000.0,10000.0,25.0,49.0,112.0,65.0,11.4,Private,63.0
686,718.0,6390.0,11.0,31.0,1057.0,67.0,14.6,Public,55.0
687,1492.0,7558.0,15.0,67.0,1449.0,82.0,19.1,Public,55.0
688,7820.0,7820.0,10.0,34.0,383.0,69.0,13.9,Private,91.0
689,1254.0,6272.0,0.0,0.0,385.0,67.0,13.5,Private,46.0
690,1681.0,4486.0,10.0,30.0,319.0,50.0,16.5,Public,46.0
691,7620.0,7620.0,14.0,41.0,262.0,51.0,17.0,Private,54.0
692,6490.0,6490.0,12.0,34.0,342.0,26.0,18.0,Private,48.0
693,1680.0,4486.0,5.0,12.0,153.0,68.0,15.7,Public,51.0
695,2110.0,5634.0,20.0,54.0,1652.0,97.0,15.9,Public,49.0
696,1606.0,4286.0,5.0,27.0,212.0,39.0,14.9,Public,40.0
697,2310.0,5834.0,13.0,47.0,1610.0,79.0,17.0,Public,42.0
698,1575.0,2670.0,5.0,17.0,547.0,62.0,25.0,Public,80.0
699,9000.0,9000.0,16.0,40.0,107.0,23.0,8.9,Private,47.0
700,7896.0,7896.0,22.0,50.0,252.0,54.0,11.1,Private,80.0
701,10628.0,10628.0,30.0,60.0,876.0,85.0,6.5,Private,85.0
702,9130.0,9130.0,10.0,36.0,185.0,46.0,12.6,Private,54.0
703,9570.0,9570.0,20.0,47.0,244.0,67.0,15.1,Private,60.0
704,9376.0,9376.0,22.0,52.0,262.0,57.0,13.0,Private,52.0
705,1665.0,2550.0,0.0,0.0,1417.0,59.0,19.0,Public,55.0
706,10300.0,10300.0,20.0,46.0,260.0,42.0,14.5,Private,56.0
707,1687.0,4560.0,0.0,0.0,1766.0,77.0,19.7,Public,19.0
709,1432.0,2580.0,10.0,40.0,458.0,48.0,20.1,Public,44.0
710,8760.0,8760.0,0.0,0.0,168.0,48.0,8.5,Private,48.0
711,2055.0,5595.0,33.0,63.0,3526.0,86.0,15.1,Public,53.0
712,1500.0,2700.0,6.0,21.0,724.0,60.0,20.3,Public,52.0
715,19545.0,19545.0,87.0,99.0,1087.0,95.0,4.7,Private,98.0
716,13320.0,13320.0,3.0,14.0,446.0,50.0,17.6,Private,51.0
717,13325.0,13325.0,5.0,15.0,199.0,42.0,9.5,Private,59.0
718,10608.0,10608.0,0.0,17.0,292.0,34.0,38.4,Private,76.0
719,9990.0,9990.0,15.0,37.0,107.0,44.0,12.1,Private,33.0
720,9870.0,9870.0,6.0,28.0,141.0,59.0,12.2,Private,81.0
721,12950.0,12950.0,15.0,40.0,514.0,70.0,14.5,Private,97.0
722,3550.0,11180.0,24.0,62.0,2529.0,89.0,17.5,Public,75.0
723,2590.0,7870.0,5.0,19.0,822.0,73.0,16.1,Public,61.0
725,12292.0,12292.0,12.0,30.0,153.0,61.0,22.2,Private,72.0
726,7200.0,7200.0,0.0,0.0,22.0,80.0,11.8,Private,60.0
727,8300.0,8300.0,0.0,0.0,268.0,53.0,14.4,Private,38.0
728,8900.0,8900.0,17.0,42.0,213.0,87.0,13.9,Private,55.0
729,11400.0,11400.0,12.0,46.0,90.0,41.0,9.5,Private,24.0
730,10900.0,10900.0,34.0,53.0,122.0,68.0,11.4,Private,78.0
731,18432.0,18432.0,56.0,84.0,321.0,93.0,10.2,Private,83.0
732,9150.0,9150.0,12.0,52.0,127.0,56.0,12.2,Private,76.0
733,2342.0,4356.0,21.0,70.0,695.0,76.0,22.1,Public,51.0
735,2798.0,3946.0,10.0,30.0,691.0,63.0,14.9,Public,26.0
736,12480.0,12480.0,14.0,34.0,478.0,70.0,14.2,Private,54.0
737,2400.0,3648.0,19.0,53.0,865.0,82.0,21.5,Public,58.0
738,4188.0,8832.0,27.0,62.0,483.0,92.0,13.5,Public,72.0
739,1965.0,2875.0,6.0,43.0,1105.0,76.0,17.2,Public,40.0
740,2385.0,3135.0,9.0,38.0,1108.0,77.0,23.5,Public,38.0
741,19900.0,19900.0,90.0,98.0,1153.0,91.0,8.4,Private,99.0
742,13250.0,13250.0,16.0,31.0,730.0,84.0,12.3,Private,70.0
743,3640.0,7410.0,26.0,62.0,499.0,90.0,17.4,Public,58.0
744,12000.0,12000.0,16.0,36.0,1000.0,81.0,14.4,Private,64.0
745,9408.0,9408.0,23.0,38.0,530.0,78.0,12.1,Private,53.0
746,16900.0,16900.0,51.0,93.0,380.0,89.0,19.0,Private,79.0
747,3116.0,5391.0,55.0,94.0,944.0,81.0,14.4,Public,81.0
748,12500.0,12500.0,0.0,0.0,446.0,72.0,14.0,Private,43.0
749,3641.0,7411.0,27.0,79.0,232.0,90.0,18.6,Public,57.0
750,3640.0,7410.0,36.0,79.0,4520.0,90.0,19.5,Public,77.0
751,11010.0,11010.0,9.0,24.0,504.0,77.0,16.7,Private,60.0
752,3227.0,4449.0,6.0,29.0,362.0,74.0,17.8,Public,47.0
753,2288.0,3040.0,23.0,65.0,710.0,78.0,19.5,Public,64.0
754,17430.0,17430.0,20.0,45.0,126.0,73.0,9.8,Private,61.0
755,11138.0,11138.0,16.0,42.0,189.0,40.0,14.0,Private,80.0
756,3120.0,3120.0,7.0,38.0,27.0,24.0,14.3,Private,20.0
757,1518.0,5586.0,0.0,0.0,590.0,73.0,19.6,Public,34.0
758,1392.0,5148.0,5.0,20.0,406.0,72.0,17.4,Public,28.0
759,1302.0,5376.0,40.0,73.0,233.0,99.0,13.7,Public,34.0
760,1980.0,6432.0,0.0,0.0,1663.0,76.0,19.6,Public,40.0
761,1394.0,4652.0,5.0,25.0,470.0,55.0,15.5,Public,47.0
762,1884.0,7115.0,27.0,53.0,1891.0,91.0,14.3,Public,34.0
763,1740.0,6490.0,0.0,0.0,1524.0,78.0,15.4,Public,54.0
764,1740.0,6490.0,25.0,50.0,1595.0,76.0,14.8,Public,37.0
765,7500.0,7500.0,5.0,25.0,100.0,45.0,7.5,Private,29.0
766,12280.0,12280.0,16.0,29.0,512.0,29.0,12.2,Private,56.0
767,9000.0,9000.0,9.0,33.0,410.0,77.0,12.4,Private,42.0
768,16548.0,16548.0,37.0,75.0,472.0,82.0,11.3,Private,73.0
769,19264.0,19264.0,50.0,85.0,285.0,98.0,10.4,Private,79.0
770,10750.0,10750.0,16.0,34.0,753.0,90.0,14.6,Private,64.0
772,2450.0,5050.0,15.0,40.0,1367.0,83.0,15.6,Public,43.0
773,2450.0,5050.0,20.0,45.0,1269.0,78.0,12.8,Public,34.0
774,2450.0,5050.0,14.0,43.0,1418.0,62.0,14.1,Public,39.0
775,2650.0,5250.0,12.0,37.0,1749.0,100.0,12.5,Public,46.0
776,15960.0,15960.0,35.0,68.0,557.0,95.0,15.8,Private,77.0
777,19510.0,19510.0,46.0,75.0,727.0,95.0,10.5,Private,93.0
778,11790.0,11790.0,23.0,46.0,177.0,75.0,11.9,Private,83.0
780,9990.0,9990.0,23.0,57.0,249.0,66.0,14.3,Private,64.0
781,18624.0,18624.0,78.0,96.0,871.0,97.0,5.9,Private,99.0
782,17926.0,17926.0,53.0,95.0,531.0,83.0,10.3,Private,91.0
783,9370.0,9370.0,10.0,40.0,101.0,50.0,9.5,Private,53.0
784,10206.134831460675,10456.0,0.0,100.0,197.0,67.0,8.1,Private,95.0
785,19000.0,19000.0,81.0,95.0,3286.0,91.0,6.9,Private,93.0
786,8920.0,8920.0,18.0,47.0,157.0,68.0,14.6,Private,46.0
787,8310.0,8310.0,4.0,19.0,108.0,43.0,12.7,Private,54.0
788,14990.0,14990.0,27.0,50.0,345.0,77.0,21.5,Private,64.0
789,14235.0,14235.0,30.0,55.0,942.0,86.0,14.4,Private,80.0
790,19700.0,19700.0,40.0,82.0,454.0,91.0,9.6,Private,91.0
791,17480.0,17480.0,22.0,49.0,430.0,75.0,12.3,Private,73.0
792,19029.0,19029.0,25.0,53.0,500.0,99.0,12.1,Private,79.0
793,11600.0,11600.0,25.0,63.0,1349.0,81.0,13.9,Private,60.0
794,9990.0,9990.0,30.0,70.0,302.0,85.0,15.0,Private,67.0
796,10690.0,10690.0,13.0,33.0,913.0,66.0,16.0,Private,66.0
797,14424.0,14424.0,23.0,52.0,1368.0,58.0,11.5,Private,75.0
798,9600.0,9600.0,10.0,43.0,174.0,55.0,13.3,Private,51.0
800,11040.0,11040.0,21.0,76.0,425.0,89.0,13.3,Private,94.0
801,12370.0,12370.0,20.0,63.0,563.0,92.0,13.6,Private,79.0
802,14700.0,14700.0,21.0,54.0,212.0,97.0,11.3,Private,70.0
803,10700.0,10700.0,12.0,31.0,830.0,74.0,17.6,Private,69.0
804,11510.0,11510.0,9.0,34.0,117.0,71.0,10.3,Private,77.0
805,10200.0,10200.0,21.0,30.0,239.0,63.0,11.7,Private,68.0
807,8800.0,8800.0,16.0,40.0,185.0,38.0,9.7,Private,80.0
809,7470.0,7470.0,14.0,48.0,238.0,74.0,15.3,Private,88.0
810,10850.0,10850.0,36.0,68.0,266.0,77.0,13.6,Private,61.0
811,17748.0,17748.0,70.0,86.0,2505.0,87.0,7.8,Private,71.0
812,10320.0,10320.0,65.0,99.0,467.0,68.0,14.2,Private,65.0
813,7950.0,7950.0,15.0,34.0,160.0,35.0,11.6,Private,55.0
814,11100.0,11000.0,37.0,70.0,1522.0,90.0,13.8,Private,62.0
815,16200.0,16200.0,58.0,89.0,302.0,90.0,10.4,Private,62.0
817,17475.0,17475.0,53.0,82.0,936.0,94.0,15.4,Private,70.0
818,10220.0,10220.0,0.0,0.0,212.0,45.0,13.4,Private,46.0
821,10206.134831460675,10456.0,0.0,0.0,373.0,105.0,8.2,Private,64.0
822,19300.0,19300.0,57.0,82.0,263.0,89.0,6.1,Private,83.0
823,18710.0,18710.0,25.0,62.0,591.0,87.0,12.7,Private,81.0
824,10800.0,10800.0,24.0,68.0,628.0,71.0,14.1,Private,100.0
825,10456.0,10456.0,13.0,45.0,375.0,91.0,17.7,Private,78.0
826,6550.0,6550.0,0.0,0.0,401.0,63.0,19.3,Private,45.0
827,10570.0,10570.0,19.0,51.0,354.0,86.0,14.5,Private,66.0
828,9400.0,9400.0,0.0,0.0,2412.0,72.0,29.3,Private,65.0
829,7350.0,7350.0,17.0,44.0,222.0,52.0,13.6,Private,74.0
830,18720.0,18720.0,31.0,56.0,505.0,90.0,11.5,Private,85.0
831,8650.0,8650.0,10.0,27.0,215.0,69.0,16.1,Private,67.0
832,2650.0,6550.0,16.0,61.0,1843.0,93.0,17.4,Public,74.0
833,2650.0,6550.0,60.0,94.0,1757.0,83.0,18.0,Public,80.0
834,2650.0,6550.0,27.0,66.0,1724.0,91.0,10.5,Public,57.0
835,2650.0,6550.0,7.0,34.0,904.0,79.0,19.0,Public,49.0
836,2650.0,6550.0,8.0,29.0,1025.0,71.0,18.7,Public,42.0
837,2650.0,6550.0,6.0,40.0,1036.0,82.0,17.8,Public,53.0
838,2650.0,6550.0,13.0,48.0,814.0,82.0,16.3,Public,66.0
839,2650.0,6550.0,56.0,93.0,1143.0,79.0,19.1,Public,76.0
840,2650.0,6550.0,19.0,53.0,656.0,85.0,15.3,Public,53.0
841,2650.0,6550.0,0.0,0.0,872.0,70.0,17.1,Public,60.0
842,2650.0,6550.0,17.0,70.0,1464.0,69.0,22.0,Public,63.0
843,2650.0,6550.0,9.0,40.0,853.0,80.0,17.9,Public,65.0
844,2650.0,6840.0,16.0,51.0,650.0,71.0,15.1,Public,59.0
845,15150.0,15150.0,28.0,67.0,2442.0,73.0,11.3,Private,67.0
846,12680.0,12680.0,0.0,0.0,256.0,64.0,12.3,Private,65.0
847,18732.0,18732.0,49.0,84.0,528.0,94.0,11.5,Private,88.0
848,10206.134831460675,10456.0,44.0,96.0,283.0,68.0,12.8,Public,71.0
849,10206.134831460675,10456.0,59.0,92.0,1212.0,37.0,8.8,Public,95.0
850,17840.0,17840.0,56.0,75.0,1243.0,93.0,5.9,Private,80.0
851,18920.0,18920.0,53.0,87.0,653.0,90.0,9.7,Private,90.0
852,13500.0,13500.0,10.0,44.0,417.0,67.0,13.2,Private,75.0
853,14900.0,14900.0,40.0,85.0,130.0,93.0,8.3,Private,69.0
854,12584.0,12584.0,0.0,0.0,606.0,86.0,5.2,Private,63.0
855,2450.0,5050.0,5.0,20.0,706.0,75.0,18.9,Public,26.0
856,2450.0,5050.0,18.0,54.0,1300.0,83.0,18.2,Public,47.0
857,10258.0,10258.0,0.0,0.0,707.0,75.0,21.6,Private,61.0
858,9190.0,9190.0,0.0,0.0,778.0,74.0,18.6,Private,53.0
859,2650.0,6550.0,5.0,33.0,390.0,80.0,14.9,Public,46.0
860,2450.0,5050.0,9.0,32.0,768.0,80.0,15.3,Public,30.0
861,2150.0,5750.0,0.0,18.0,370.0,67.0,25.3,Public,22.0
862,2650.0,6550.0,36.0,100.0,3087.0,90.0,13.6,Public,56.0
863,2100.0,2600.0,1.0,6.0,644.0,64.0,16.5,Public,36.0
865,14710.0,14710.0,0.0,0.0,634.0,69.0,10.2,Private,59.0
866,2450.0,5050.0,9.0,40.0,1433.0,71.0,17.6,Public,48.0
868,11431.0,11431.0,20.0,41.0,424.0,43.0,17.4,Private,66.0
869,10995.0,10995.0,30.0,61.0,662.0,68.0,17.6,Private,85.0
870,9900.0,9900.0,20.0,50.0,209.0,76.0,13.3,Private,58.0
871,3070.0,7452.0,14.0,45.0,3076.0,81.0,21.1,Public,67.0
872,13050.0,13050.0,34.0,66.0,449.0,64.0,12.1,Private,83.0
873,15700.0,15700.0,71.0,93.0,713.0,95.0,2.9,Private,67.0
874,7344.0,7344.0,25.0,55.0,616.0,50.0,15.3,Private,64.0
876,3231.0,6462.0,5.0,19.0,1304.0,91.0,18.5,Public,35.0
877,9800.0,9800.0,14.0,41.0,238.0,46.0,11.1,Private,100.0
878,9650.0,9650.0,22.0,49.0,228.0,57.0,14.9,Private,83.0
879,16240.0,16240.0,29.0,65.0,553.0,84.0,11.1,Private,69.0
880,10850.0,10850.0,10.0,26.0,174.0,58.0,12.8,Private,56.0
881,16900.0,16900.0,32.0,60.0,533.0,88.0,11.6,Private,81.0
883,3096.0,3096.0,4.0,15.0,871.0,53.0,19.6,Private,33.0
884,13780.0,13780.0,20.0,44.0,241.0,68.0,12.5,Private,65.0
885,14067.0,14067.0,37.0,66.0,244.0,75.0,10.6,Private,79.0
886,11700.0,11700.0,27.0,57.0,820.0,89.0,14.5,Private,89.0
887,3927.0,7854.0,10.0,30.0,7425.0,81.0,20.8,Public,46.0
888,19240.0,19240.0,44.0,75.0,408.0,95.0,11.1,Private,88.0
889,6992.0,6992.0,17.0,48.0,32.0,17.0,9.6,Private,46.0
890,9858.0,9858.0,21.0,46.0,428.0,42.0,17.6,Private,55.0
891,13850.0,13850.0,27.0,60.0,342.0,80.0,13.2,Private,96.0
892,12250.0,12250.0,26.0,61.0,458.0,85.0,16.7,Private,81.0
893,13240.0,13240.0,24.0,46.0,375.0,73.0,13.4,Private,73.0
895,19670.0,19670.0,50.0,89.0,678.0,77.0,10.1,Private,83.0
896,15990.0,15990.0,35.0,62.0,669.0,73.0,14.5,Private,83.0
897,3552.0,7629.0,21.0,54.0,3183.0,79.0,20.4,Public,64.0
898,16732.0,16732.0,36.0,65.0,458.0,93.0,12.1,Private,75.0
899,12888.0,12888.0,26.0,57.0,428.0,62.0,13.9,Private,87.0
900,7600.0,7600.0,5.0,21.0,254.0,59.0,19.0,Private,39.0
901,2888.0,7650.0,0.0,0.0,3211.0,71.0,16.7,Public,43.0
902,3234.0,8907.0,26.0,57.0,2408.0,89.0,10.8,Public,54.0
903,11380.0,11380.0,26.0,51.0,1507.0,81.0,14.8,Private,93.0
904,2693.0,7441.0,0.0,0.0,1527.0,81.0,20.4,Public,48.0
906,9600.0,9600.0,21.0,47.0,86.0,39.0,10.5,Private,68.0
907,8670.0,8670.0,27.0,92.0,477.0,42.0,11.3,Private,68.0
909,10230.0,10230.0,15.0,37.0,225.0,59.0,13.3,Private,67.0
910,15948.0,15948.0,42.0,68.0,575.0,82.0,12.8,Private,78.0
911,11520.0,11520.0,24.0,47.0,695.0,73.0,13.3,Private,83.0
912,2196.0,4536.0,13.0,32.0,1907.0,71.0,18.0,Public,50.0
914,7400.0,7400.0,18.0,36.0,334.0,57.0,19.8,Private,58.0
915,3740.0,8856.0,35.0,39.0,3290.0,81.0,17.6,Public,85.0
916,15476.0,15476.0,25.0,44.0,252.0,69.0,11.3,Private,48.0
919,6293.0,6293.0,0.0,0.0,319.0,65.0,20.8,Private,44.0
920,1640.0,4017.0,15.0,39.0,1238.0,55.0,19.9,Private,36.0
922,1133.0,1928.0,9.0,38.0,1326.0,65.0,22.8,Public,31.0
926,4295.714285714285,5254.5,0.0,0.0,346.0,40.0,16.2,Public,29.0
927,5390.0,5390.0,35.0,59.0,484.0,63.0,15.1,Private,50.0
928,6400.0,6400.0,22.0,44.0,351.0,58.0,16.2,Private,45.0
929,4295.714285714285,5254.5,30.0,52.0,275.0,59.0,14.6,Private,40.0
930,1408.0,3687.0,21.0,43.0,208.0,67.0,23.6,Public,43.0
931,1889.0,5336.0,29.0,57.0,2181.0,84.0,15.3,Public,48.0
932,1212.0,3274.0,8.0,27.0,251.0,58.0,18.1,Public,29.0
933,10500.0,10500.0,19.0,50.0,174.0,58.0,11.6,Private,39.0
934,1500.0,3738.0,20.0,50.0,447.0,55.0,19.6,Public,53.0
936,1737.0,5173.0,32.0,63.0,2233.0,86.0,11.5,Public,44.0
937,11750.0,11750.0,41.0,68.0,696.0,94.0,11.5,Private,47.0
938,7950.0,7950.0,13.0,37.0,632.0,51.0,15.5,Private,45.0
939,9200.0,9200.0,0.0,0.0,118.0,23.0,16.8,Private,51.0
940,9600.0,9600.0,26.0,40.0,81.0,56.0,14.3,Private,41.0
942,12500.0,12500.0,27.0,52.0,294.0,53.0,13.5,Private,52.0
943,15800.0,15800.0,35.0,64.0,482.0,97.0,12.3,Private,69.0
944,13380.0,13380.0,48.0,72.0,458.0,89.0,17.8,Private,81.0
947,2841.0,7890.0,0.0,0.0,1637.0,88.0,13.9,Public,45.0
948,2904.0,8676.0,0.0,0.0,271.0,20.0,14.7,Public,41.0
949,14210.0,14210.0,41.0,71.0,288.0,76.0,10.9,Private,42.0
950,10635.76923076923,12040.0,0.0,0.0,837.0,78.0,20.0,Public,24.0
951,19960.0,19960.0,47.0,80.0,327.0,90.0,11.8,Private,68.0
953,3090.0,10602.0,25.0,61.0,2546.0,79.0,19.7,Public,54.0
954,12040.0,12040.0,27.0,58.0,419.0,92.0,13.2,Private,72.0
955,7940.0,7940.0,0.0,0.0,53.0,39.0,12.9,Private,29.0
956,14800.0,14800.0,49.0,80.0,395.0,91.0,13.3,Private,68.0
957,15595.0,15595.0,30.0,63.0,227.0,79.0,11.3,Private,80.0
958,17080.0,17080.0,44.0,77.0,484.0,73.0,9.9,Private,76.0
959,8374.0,8374.0,10.0,30.0,168.0,42.0,10.8,Private,72.0
960,12850.0,12850.0,23.0,56.0,348.0,78.0,12.2,Private,73.0
961,18165.0,18165.0,71.0,95.0,313.0,100.0,12.3,Private,89.0
962,18550.0,18550.0,49.0,85.0,862.0,95.0,14.2,Private,93.0
963,10518.0,10518.0,8.0,28.0,224.0,59.0,16.5,Private,71.0
964,17900.0,17900.0,60.0,89.0,1191.0,86.0,9.2,Private,74.0
965,14340.0,14340.0,25.0,58.0,198.0,58.0,11.7,Private,74.0
966,13500.0,13500.0,28.0,56.0,91.0,95.0,9.3,Private,52.0
967,10335.0,10335.0,25.0,64.0,126.0,71.0,8.3,Private,73.0
968,10860.0,10860.0,29.0,58.0,317.0,56.0,12.9,Private,96.0
970,18700.0,18700.0,31.0,68.0,487.0,87.0,11.2,Private,87.0
972,10578.0,10578.0,34.0,64.0,1003.0,84.0,13.8,Private,75.0
973,11190.0,11190.0,16.0,42.0,165.0,60.0,13.6,Private,54.0
974,14190.0,14190.0,36.0,70.0,426.0,65.0,12.8,Private,81.0
975,24940.0,24940.0,46.0,80.0,508.0,93.0,10.9,Private,86.0
976,10970.0,10970.0,24.0,57.0,678.0,47.0,13.3,Private,65.0
977,9476.0,9476.0,19.0,39.0,237.0,67.0,20.1,Private,74.0
978,19964.0,19964.0,42.0,78.0,575.0,94.0,12.1,Private,83.0
979,5224.0,5224.0,57.0,88.0,573.0,65.0,18.4,Private,100.0
980,11000.0,11000.0,30.0,56.0,104.0,36.0,7.8,Private,96.0
981,18833.0,18833.0,76.0,97.0,292.0,94.0,10.6,Private,95.0
982,8800.0,8800.0,14.0,41.0,169.0,44.0,11.2,Private,74.0
983,10000.0,10000.0,16.0,44.0,103.0,56.0,11.2,Private,69.0
984,2954.0,7352.0,19.0,58.0,1625.0,77.0,20.6,Public,63.0
985,14850.0,14850.0,36.0,55.0,298.0,97.0,12.7,Private,80.0
986,10910.0,10910.0,20.0,45.0,381.0,66.0,15.6,Private,87.0
987,18730.0,18730.0,36.0,59.0,572.0,93.0,10.5,Private,92.0
988,12600.0,12600.0,20.0,56.0,622.0,90.0,15.1,Private,84.0
989,13850.0,13850.0,28.0,56.0,320.0,84.0,12.3,Private,85.0
990,18700.0,18700.0,40.0,84.0,1092.0,96.0,12.5,Private,91.0
991,3020.0,4818.0,15.0,41.0,326.0,71.0,12.6,Public,45.0
992,13900.0,13900.0,16.0,37.0,363.0,75.0,14.0,Private,72.0
993,11040.0,11040.0,13.0,51.0,323.0,65.0,11.8,Private,66.0
994,9813.0,9813.0,15.0,40.0,397.0,45.0,16.7,Private,78.0
995,10300.0,10300.0,30.0,64.0,607.0,68.0,14.1,Private,89.0
996,14990.0,14990.0,23.0,58.0,303.0,86.0,15.2,Private,74.0
997,9358.0,9358.0,0.0,0.0,166.0,58.0,10.9,Private,68.0
998,16975.0,16975.0,30.0,61.0,462.0,76.0,12.8,Private,83.0
999,12350.0,12350.0,24.0,64.0,502.0,88.0,12.6,Private,63.0
1000,3086.0,7844.0,15.0,55.0,1025.0,66.0,18.0,Public,75.0
1001,2278.0,6312.0,14.0,24.0,1028.0,53.0,16.3,Public,58.0
1003,11052.0625,11095.0,4.0,27.0,818.0,66.0,19.4,Public,54.0
1004,3086.0,7844.0,0.0,20.0,1349.0,54.0,19.0,Public,54.0
1005,3512.0,8285.0,12.0,33.0,1136.0,58.0,19.4,Public,57.0
1006,2954.0,7352.0,17.0,41.0,651.0,47.0,16.1,Public,63.0
1007,3154.0,7452.0,0.0,0.0,606.0,48.0,15.9,Public,55.0
1008,3086.0,7844.0,22.0,60.0,960.0,72.0,16.8,Public,71.0
1009,3086.0,7844.0,14.0,53.0,1116.0,80.0,18.8,Public,72.0
1010,2954.0,7352.0,26.0,67.0,1241.0,72.0,16.9,Public,56.0
1011,3086.0,7844.0,11.0,51.0,1372.0,76.0,15.3,Public,52.0
1012,12520.0,12520.0,5.0,22.0,290.0,16.0,7.5,Private,57.0
1013,11690.0,11690.0,19.0,42.0,468.0,48.0,12.9,Private,68.0
1014,9700.0,9700.0,7.0,38.0,207.0,45.0,14.5,Private,66.0
1015,6540.0,6540.0,0.0,0.0,387.0,58.0,18.5,Private,58.0
1016,11240.0,11240.0,24.0,56.0,197.0,71.0,11.2,Private,71.0
1017,10880.0,10880.0,21.0,45.0,284.0,64.0,19.3,Private,69.0
1018,12750.0,12750.0,39.0,71.0,776.0,84.0,17.4,Private,83.0
1019,10850.0,10850.0,19.0,35.0,278.0,62.0,12.3,Private,88.0
1020,16130.0,16130.0,27.0,59.0,465.0,83.0,13.9,Private,90.0
1021,19124.0,19124.0,81.0,97.0,413.0,93.0,8.8,Private,95.0
1022,5314.0,10096.0,15.0,37.0,2399.0,87.0,11.2,Public,45.0
1023,11172.0,11172.0,15.0,31.0,253.0,68.0,11.6,Private,60.0
1024,17020.0,17020.0,85.0,100.0,2464.0,95.0,6.3,Private,93.0
1025,4962.0,10786.0,25.0,59.0,2503.0,93.0,7.8,Public,66.0
1026,11584.0,11584.0,29.0,60.0,910.0,83.0,14.1,Private,92.0
1027,14900.0,14900.0,44.0,77.0,308.0,82.0,11.6,Private,79.0
1028,15925.0,15925.0,30.0,68.0,1477.0,89.0,13.4,Private,96.0
1029,16260.0,16260.0,42.0,64.0,334.0,91.0,12.1,Private,86.0
1030,8840.0,8840.0,12.0,30.0,324.0,57.0,16.2,Private,63.0
1031,12065.0,12065.0,29.0,58.0,377.0,62.0,12.5,Private,80.0
1032,11150.0,11150.0,15.0,36.0,434.0,78.0,13.3,Private,67.0
1033,11428.0,11428.0,16.0,50.0,46.0,67.0,8.3,Private,67.0
1034,4990.0,4990.0,28.0,63.0,691.0,75.0,18.1,Private,99.0
1035,9690.0,9690.0,38.0,64.0,290.0,60.0,13.3,Private,74.0
1036,8842.0,8842.0,10.0,41.0,185.0,57.0,14.2,Private,52.0
1038,4966.0,10645.0,48.0,93.0,3450.0,77.0,18.1,Public,63.0
1039,3086.0,7844.0,0.0,0.0,1188.0,61.0,19.2,Public,63.0
1040,19528.0,19528.0,87.0,95.0,1462.0,99.0,7.6,Private,97.0
1041,12600.0,12600.0,15.0,43.0,632.0,84.0,19.0,Private,82.0
1042,14400.0,14400.0,20.0,55.0,973.0,66.0,18.4,Private,96.0
1043,2370.0,6694.0,15.0,50.0,1030.0,74.0,15.7,Public,47.0
1044,16684.0,16684.0,17.0,45.0,379.0,27.0,10.0,Private,96.0
1045,14200.0,14200.0,7.0,20.0,362.0,64.0,9.6,Private,71.0
1046,3004.0,10330.0,12.0,40.0,1968.0,84.0,16.6,Public,63.0
1047,12520.0,12520.0,10.0,20.0,679.0,44.0,16.4,Private,61.0
1048,7730.0,7730.0,0.0,0.0,397.0,60.0,19.2,Private,39.0
1049,5210.0,5210.0,0.0,0.0,341.0,44.0,14.6,Private,48.0
1050,8300.0,8300.0,8.0,29.0,88.0,62.0,15.2,Private,58.0
1051,3076.0,7070.0,12.0,36.0,611.0,95.0,17.1,Public,84.0
1052,4412.0,4412.0,21.0,47.0,499.0,69.0,16.9,Private,21.0
1053,3036.0,8116.0,37.0,65.0,2301.0,82.0,18.0,Public,73.0
1054,9888.0,9888.0,15.0,47.0,295.0,64.0,12.1,Private,75.0
1055,3060.0,6120.0,22.0,55.0,1265.0,73.0,17.2,Public,51.0
1056,10425.0,10425.0,21.0,67.0,242.0,61.0,14.7,Private,76.0
1057,12050.0,12050.0,35.0,70.0,149.0,63.0,10.2,Private,75.0
1058,10485.0,10485.0,47.0,74.0,167.0,76.0,13.5,Private,67.0
1059,13440.0,13440.0,56.0,82.0,685.0,92.0,13.5,Private,82.0
1060,3340.0,4938.0,9.0,33.0,510.0,67.0,17.0,Public,51.0
1062,4515.0,4515.0,2.0,13.0,330.0,53.0,18.6,Private,60.0
1063,10194.0,10194.0,14.0,36.0,154.0,57.0,11.4,Private,83.0
1064,11859.0,11859.0,34.0,63.0,302.0,80.0,13.4,Private,85.0
1066,3196.0,8074.0,30.0,66.0,2328.0,84.0,16.9,Public,63.0
1067,2320.0,5800.0,14.0,24.0,377.0,62.0,14.8,Public,48.0
1068,2710.0,7000.0,9.0,28.0,732.0,74.0,17.0,Public,51.0
1069,4450.0,4450.0,10.0,30.0,188.0,43.0,22.9,Private,58.0
1070,3620.0,6400.0,24.0,61.0,769.0,71.0,12.8,Public,59.0
1071,12680.0,12680.0,51.0,83.0,273.0,91.0,15.3,Private,75.0
1072,2295.0,5739.0,13.0,38.0,381.0,70.0,15.9,Public,38.0
1073,2920.0,5840.0,13.0,38.0,819.0,76.0,19.1,Public,43.0
1074,10990.0,10990.0,21.0,58.0,306.0,66.0,10.4,Private,69.0
1075,1323.0,3222.0,7.0,23.0,588.0,63.0,29.2,Public,51.0
1076,7540.0,7540.0,12.0,32.0,135.0,38.0,11.4,Private,75.0
1077,1323.0,3222.0,5.0,21.0,229.0,47.0,19.4,Public,35.0
1078,7260.0,7260.0,3.0,9.0,124.0,31.0,12.9,Private,21.0
1079,6844.0,6844.0,17.0,37.0,126.0,45.0,11.7,Private,44.0
1080,1411.0,3437.0,10.0,40.0,2054.0,68.0,20.2,Public,54.0
1081,8990.0,8990.0,13.0,35.0,211.0,73.0,14.8,Private,48.0
1083,1454.0,3811.0,13.0,37.0,1701.0,62.0,15.0,Public,67.0
1085,1616.0,5550.0,0.0,0.0,1179.0,66.0,18.2,Public,36.0
1086,7800.0,7800.0,28.0,67.0,481.0,61.0,11.1,Private,49.0
1087,6200.0,6200.0,11.0,28.0,104.0,63.0,11.7,Private,35.0
1088,8150.0,8150.0,27.0,62.0,464.0,61.0,13.6,Private,67.0
1089,9300.0,9300.0,16.0,42.0,224.0,81.0,11.1,Private,63.0
1090,5500.0,5500.0,12.0,32.0,199.0,55.0,11.3,Private,37.0
1091,5775.0,5775.0,0.0,0.0,611.0,97.0,16.2,Private,73.0
1092,1800.0,5800.0,15.0,36.0,1303.0,73.0,14.0,Public,42.0
1093,6240.0,6240.0,24.0,36.0,226.0,74.0,12.5,Private,43.0
1094,5500.0,5500.0,20.0,54.0,314.0,68.0,16.1,Private,62.0
1095,8664.0,8664.0,34.0,65.0,142.0,65.0,10.7,Private,65.0
1097,5170.0,5170.0,15.0,35.0,224.0,61.0,16.1,Private,60.0
1098,4788.0,4788.0,0.0,23.0,453.0,42.0,18.5,Private,52.0
1100,5950.0,5950.0,21.0,55.0,363.0,67.0,14.6,Private,53.0
1101,11200.0,11200.0,26.0,52.0,176.0,80.0,11.1,Private,51.0
1102,1974.0,5908.0,0.0,0.0,1691.0,77.0,16.9,Public,33.0
1103,1616.0,5550.0,0.0,0.0,2132.0,69.0,19.2,Public,39.0
1104,8200.0,8200.0,26.0,52.0,189.0,63.0,12.0,Private,64.0
1105,8414.0,8414.0,0.0,0.0,349.0,49.0,14.1,Private,59.0
1106,15200.0,15200.0,58.0,82.0,391.0,90.0,10.8,Private,77.0
1107,1470.0,4836.0,24.0,31.0,721.0,72.0,18.6,Public,41.0
1108,1740.0,4025.0,11.0,29.0,1580.0,76.0,16.9,Public,54.0
1109,7070.0,7070.0,7.0,29.0,99.0,59.0,8.9,Private,36.0
1110,4750.0,4750.0,13.0,50.0,145.0,57.0,14.0,Private,49.0
1111,7700.0,7700.0,12.0,34.0,145.0,70.0,21.9,Private,52.0
1113,1824.0,5800.0,0.0,0.0,991.0,76.0,16.8,Public,39.0
1114,1830.0,5764.0,27.0,53.0,3013.0,86.0,16.5,Public,53.0
1115,1900.0,5832.0,0.0,0.0,1123.0,68.0,19.6,Public,48.0
1116,15350.0,15350.0,46.0,83.0,326.0,89.0,10.3,Private,82.0
1117,17865.0,17865.0,71.0,92.0,1499.0,93.0,5.8,Private,83.0
1118,7300.0,7300.0,0.0,0.0,108.0,70.0,12.6,Private,62.0
1119,7440.0,7440.0,23.0,52.0,721.0,70.0,18.1,Private,60.0
1120,840.0,5130.0,24.0,54.0,1016.0,60.0,23.1,Public,34.0
1121,11280.0,11280.0,42.0,74.0,295.0,81.0,13.0,Private,71.0
1122,6900.0,6900.0,16.0,34.0,106.0,67.0,12.1,Private,42.0
1123,5400.0,5400.0,37.0,64.0,155.0,48.0,14.4,Private,87.0
1124,4950.0,4950.0,10.0,36.0,265.0,62.0,15.7,Private,38.0
1125,1580.0,5390.0,0.0,0.0,719.0,87.0,21.8,Public,35.0
1126,6300.0,6300.0,16.0,40.0,350.0,75.0,13.7,Private,38.0
1127,5190.0,5190.0,13.0,34.0,322.0,59.0,12.7,Private,37.0
1128,5400.0,5400.0,0.0,55.0,215.0,65.0,14.0,Private,56.0
1130,8840.0,8840.0,16.0,49.0,386.0,67.0,11.4,Private,95.0
1131,864.0,4752.0,10.0,27.0,1043.0,48.0,18.4,Public,26.0
1132,8840.0,8840.0,29.0,54.0,204.0,58.0,20.8,Private,56.0
1133,6612.0,6612.0,9.0,29.0,275.0,39.0,11.9,Private,39.0
1135,6930.0,6930.0,25.0,50.0,187.0,57.0,11.0,Private,32.0
1136,840.0,5130.0,0.0,0.0,751.0,95.0,21.6,Public,36.0
1137,672.0,4104.0,23.0,51.0,2049.0,86.0,22.6,Public,35.0
1138,8530.0,8530.0,22.0,46.0,295.0,56.0,14.9,Private,37.0
1139,991.0,3486.0,0.0,46.0,1800.0,92.0,22.9,Public,16.0
1140,9950.0,9950.0,87.0,95.0,633.0,91.0,8.6,Private,91.0
1141,840.0,5130.0,41.0,41.0,1577.0,76.0,27.2,Public,43.0
1142,8955.0,8955.0,19.0,51.0,131.0,51.0,11.8,Private,52.0
1143,12772.0,12772.0,41.0,69.0,1166.0,74.0,13.5,Private,72.0
1144,840.0,4860.0,14.0,48.0,2421.0,70.0,21.2,Public,39.0
1145,7536.0,7536.0,11.0,27.0,172.0,44.0,13.0,Private,36.0
1146,11850.0,11850.0,44.0,77.0,352.0,83.0,11.3,Private,67.0
1147,9428.0,9428.0,20.0,45.0,375.0,76.0,15.7,Private,46.0
1148,8678.0,8678.0,33.0,60.0,414.0,82.0,16.2,Private,72.0
1149,780.0,4860.0,12.0,32.0,2272.0,85.0,21.4,Public,50.0
1150,672.0,3888.0,7.0,20.0,305.0,68.0,18.8,Public,28.0
1151,840.0,4290.0,10.0,22.0,1061.0,55.0,19.4,Public,35.0
1152,840.0,4860.0,0.0,28.0,923.0,60.0,21.9,Public,41.0
1153,8490.0,8490.0,33.0,64.0,1195.0,81.0,14.8,Private,64.0
1154,3750.0,3750.0,9.0,18.0,206.0,48.0,12.1,Private,25.0
1155,3605.0,3605.0,15.0,26.0,189.0,37.0,18.4,Private,26.0
1156,4795.018867924528,5390.0,10.0,33.0,1055.0,89.0,19.7,Public,42.0
1157,7850.0,7850.0,27.0,57.0,215.0,54.0,13.8,Private,50.0
1158,780.0,7860.0,15.0,85.0,2604.0,65.0,18.2,Public,10.0
1159,780.0,4860.0,25.0,58.0,2957.0,82.0,24.7,Public,41.0
1160,6400.0,6400.0,19.0,44.0,279.0,80.0,14.5,Private,43.0
1161,647.0,2279.0,0.0,0.0,474.0,67.0,14.3,Public,35.0
1162,12240.0,12240.0,62.0,93.0,601.0,94.0,9.6,Private,93.0
1163,10760.0,10760.0,44.0,74.0,246.0,85.0,13.4,Private,63.0
1165,8550.0,8550.0,45.0,77.0,185.0,75.0,12.6,Private,62.0
1166,1206.0,4422.0,19.0,43.0,1448.0,73.0,21.0,Public,29.0
1167,840.0,5130.0,48.0,85.0,5329.0,91.0,19.7,Public,65.0
1169,5100.0,5100.0,0.0,0.0,196.0,50.0,13.6,Private,91.0
1170,672.0,4104.0,7.0,35.0,1023.0,70.0,21.9,Public,34.0
1171,6450.0,6450.0,34.0,66.0,2367.0,71.0,18.5,Private,72.0
1174,672.0,4104.0,17.0,46.0,1686.0,94.0,25.3,Public,50.0
1175,780.0,4860.0,22.0,47.0,243.0,103.0,17.4,Public,43.0
1176,840.0,5130.0,49.0,85.0,6392.0,89.0,23.1,Public,69.0
1177,672.0,4104.0,0.0,0.0,1108.0,75.0,20.6,Public,8.0
1179,2340.0,2340.0,48.0,82.0,4615.0,76.0,20.5,Private,33.0
1180,1954.0,6857.0,27.0,53.0,2400.0,89.0,12.8,Public,37.0
1182,1221.0,4362.0,0.0,0.0,856.0,62.0,20.5,Public,59.0
1183,1377.0,5148.0,0.0,46.0,1750.0,66.0,23.9,Public,38.0
1184,8820.0,8820.0,21.0,60.0,213.0,68.0,10.5,Private,50.0
1185,9925.0,9925.0,16.0,40.0,172.0,59.0,22.4,Private,48.0
1186,7150.0,7150.0,15.0,30.0,181.0,61.0,17.8,Private,53.0
1187,10265.0,10265.0,22.0,53.0,292.0,68.0,13.2,Private,82.0
1188,2808.0,11720.0,68.0,88.0,1217.0,89.0,12.1,Public,93.0
1189,2332.0,7860.0,3.0,37.0,428.0,80.0,21.2,Public,48.0
1190,9650.0,9650.0,19.0,48.0,227.0,46.0,11.4,Private,82.0
1191,8578.0,8578.0,30.0,60.0,226.0,79.0,13.9,Private,82.0
1192,9400.0,9400.0,12.0,36.0,336.0,53.0,12.5,Private,22.0
1193,13218.0,13218.0,20.0,40.0,307.0,95.0,13.3,Private,69.0
1194,7161.0,7161.0,25.0,63.0,1433.0,60.0,14.0,Private,70.0
1195,13470.0,13470.0,26.0,58.0,215.0,78.0,11.1,Private,72.0
1196,2606.0,7920.0,12.0,47.0,724.0,74.0,18.4,Public,62.0
1197,12450.0,12450.0,3.0,21.0,366.0,62.0,12.4,Private,70.0
1198,3900.0,7994.0,32.0,72.0,2082.0,77.0,17.9,Public,98.0
1199,11200.0,11200.0,26.0,52.0,199.0,66.0,6.8,Private,90.0
1200,11390.0,11390.0,10.0,30.0,214.0,77.0,10.6,Private,55.0
1201,3854.0,9464.0,18.0,39.0,1251.0,79.0,15.1,Public,45.0
1202,2924.0,6684.0,15.0,37.0,1742.0,73.0,19.6,Public,62.0
1203,13840.0,13840.0,21.0,46.0,306.0,77.0,10.7,Private,74.0
1204,13970.0,13970.0,35.0,66.0,169.0,88.0,9.2,Private,68.0
1205,3034.0,10217.0,18.0,45.0,1567.0,81.0,8.7,Public,45.0
1206,13425.0,13425.0,27.0,54.0,437.0,85.0,13.0,Private,72.0
1207,10700.0,10700.0,0.0,0.0,218.0,60.0,9.2,Private,59.0
1208,5000.0,5000.0,8.0,17.0,243.0,45.0,14.0,Private,45.0
1209,14500.0,14500.0,36.0,68.0,146.0,91.0,6.5,Private,61.0
1210,14500.0,14500.0,46.0,72.0,756.0,75.0,11.7,Private,100.0
1211,2026.0,6490.0,39.0,78.0,756.0,75.0,17.6,Public,84.0
1212,3093.0,7168.0,15.0,30.0,250.0,67.0,18.1,Public,46.0
1213,4044.0,10800.0,17.0,29.0,1727.0,93.0,19.3,Public,46.0
1214,8170.0,8170.0,14.0,42.0,138.0,32.0,12.3,Private,48.0
1215,2980.0,9020.0,16.0,34.0,349.0,84.0,11.1,Public,68.0
1216,3926.0,10260.0,29.0,53.0,4277.0,85.0,13.8,Public,73.0
1217,1894.0,5587.0,2.0,30.0,704.0,61.0,16.0,Public,31.0
1219,7384.0,7384.0,19.0,59.0,453.0,51.0,13.7,Private,30.0
1220,10900.0,10900.0,20.0,49.0,287.0,70.0,15.7,Private,68.0
1221,13750.0,13750.0,68.0,93.0,425.0,81.0,9.6,Private,90.0
1222,3724.0,12212.0,74.0,95.0,2678.0,90.0,9.5,Public,95.0
1224,8730.0,8730.0,33.0,71.0,51.0,92.0,9.3,Private,58.0
1225,21700.0,21700.0,25.0,53.0,114.0,35.0,10.1,Private,55.0
1226,3660.0,7656.0,9.0,22.0,363.0,89.0,14.7,Public,79.0
1227,8300.0,8300.0,12.0,21.0,55.0,53.0,9.5,Private,76.0
1228,13936.0,13936.0,0.0,0.0,49.0,56.0,14.5,Private,100.0
1229,11750.0,11750.0,7.0,20.0,198.0,77.0,14.0,Private,76.0
1230,3312.0,7656.0,3.0,13.0,279.0,80.0,14.4,Public,36.0
1231,3168.0,7320.0,6.0,20.0,223.0,48.0,12.6,Public,51.0
1232,18375.0,18375.0,0.0,0.0,63.0,56.0,7.5,Private,61.0
1233,25750.0,25750.0,64.0,89.0,451.0,87.0,10.5,Private,97.0
1234,14134.0,14134.0,8.0,29.0,626.0,71.0,13.1,Private,63.0
1235,8940.0,8940.0,11.0,27.0,108.0,28.0,13.4,Private,57.0
1236,13030.0,13030.0,16.0,64.0,463.0,79.0,14.5,Private,84.0
1237,11010.0,11010.0,16.0,41.0,91.0,58.0,10.4,Private,78.0
1238,6210.0,15516.0,18.0,51.0,1735.0,87.0,9.9,Public,79.0
1239,2053.0,7242.0,8.0,65.0,1007.0,67.0,18.1,Public,51.0
1240,2256.0,7974.0,0.0,0.0,767.0,69.0,17.0,Public,47.0
1241,5820.0,5820.0,0.0,0.0,21.0,48.0,9.5,Private,100.0
1242,13000.0,13000.0,31.0,67.0,526.0,78.0,14.7,Private,69.0
1243,13312.0,13312.0,31.0,68.0,504.0,78.0,11.0,Private,83.0
1244,12669.0,12669.0,42.0,82.0,411.0,83.0,16.8,Private,66.0
1245,12825.0,12825.0,28.0,72.0,494.0,85.0,12.2,Private,89.0
1246,11550.0,11550.0,5.0,25.0,63.0,43.0,14.5,Private,40.0
1247,16230.0,16230.0,51.0,83.0,688.0,79.0,15.0,Private,63.0
1248,2907.0,8199.0,40.0,81.0,3343.0,96.0,9.0,Public,65.0
1250,2907.0,8200.0,31.0,70.0,2440.0,84.0,16.9,Public,56.0
1251,2406.0,8124.0,30.0,71.0,1549.0,83.0,22.7,Public,61.0
1252,16670.0,16670.0,45.0,77.0,359.0,80.0,10.5,Private,72.0
1253,12660.0,12660.0,43.0,70.0,372.0,80.0,16.9,Private,80.0
1254,1785.0,6297.0,14.0,50.0,438.0,75.0,18.1,Public,68.0
1255,8352.0,8352.0,23.0,46.0,157.0,36.0,11.1,Private,55.0
1256,16304.0,16304.0,26.0,54.0,284.0,87.0,11.1,Private,69.0
1257,12200.0,12200.0,19.0,55.0,352.0,74.0,17.8,Private,79.0
1258,13125.0,13125.0,20.0,43.0,434.0,74.0,15.9,Private,62.0
1259,9300.0,9300.0,0.0,0.0,323.0,49.0,20.5,Private,57.0
1260,9400.0,9400.0,24.0,47.0,231.0,49.0,17.2,Private,57.0
1261,17163.0,17163.0,50.0,77.0,324.0,76.0,10.1,Private,77.0
1262,9400.0,9400.0,15.0,41.0,337.0,37.0,8.4,Private,59.0
1263,11610.0,11610.0,36.0,71.0,1685.0,86.0,13.5,Private,77.0
1264,11505.0,11505.0,36.0,69.0,496.0,35.0,16.7,Private,67.0
1265,8950.0,8950.0,12.0,32.0,121.0,51.0,10.7,Private,78.0
1266,9570.0,9570.0,15.0,30.0,200.0,58.0,15.9,Private,52.0
1267,15200.0,15200.0,28.0,52.0,211.0,87.0,9.4,Private,64.0
1268,12140.0,12140.0,30.0,56.0,568.0,74.0,15.1,Private,88.0
1269,2737.0,9096.0,36.0,80.0,4631.0,93.0,11.5,Public,72.0
1270,2771.0,8786.0,12.0,37.0,1930.0,79.0,15.9,Public,38.0
1271,2284.0,6900.0,17.0,50.0,759.0,81.0,22.2,Public,46.0
1272,9140.0,9140.0,17.0,43.0,271.0,51.0,10.7,Private,73.0
1273,1916.0,6704.0,9.0,32.0,1030.0,78.0,21.0,Public,65.0
1274,2208.0,6996.0,20.0,52.0,1957.0,80.0,19.3,Public,61.0
1276,1920.0,6400.0,0.0,0.0,917.0,66.0,20.6,Public,59.0
1279,2050.0,7032.0,14.0,53.0,342.0,75.0,15.2,Public,36.0
1280,2300.0,6950.0,12.0,38.0,1472.0,90.0,23.1,Public,67.0
1281,7493.964285714285,9098.0,9.0,28.0,772.0,87.0,18.4,Public,28.0
1282,2158.0,6874.0,14.0,48.0,1515.0,73.0,19.2,Public,56.0
1283,9100.0,9100.0,17.0,41.0,75.0,48.0,8.5,Private,50.0
1284,10468.0,10468.0,21.0,44.0,172.0,40.0,11.5,Private,52.0
1285,15700.0,15700.0,12.0,44.0,210.0,80.0,13.0,Private,59.0
1286,1856.0,4498.0,15.0,57.0,518.0,24.0,16.3,Public,42.0
1287,2052.0,4426.0,0.0,0.0,383.0,55.0,19.2,Private,49.0
1288,9400.0,9400.0,10.0,26.0,183.0,64.0,12.8,Private,94.0
1289,1800.0,4238.0,10.0,25.0,1800.0,37.0,19.6,Public,50.0
1290,1782.0,4080.0,8.0,22.0,553.0,25.0,17.3,Public,65.0
1291,1660.0,5094.0,14.0,60.0,2007.0,77.0,16.6,Private,50.0
1292,9500.0,9500.0,22.0,43.0,204.0,26.0,2.5,Private,57.0
1293,10575.0,10575.0,23.0,52.0,120.0,46.0,13.0,Private,98.0
1294,2064.0,4694.0,20.0,65.0,557.0,57.0,16.5,Private,46.0
1295,1900.0,4470.0,12.0,25.0,478.0,33.0,16.3,Public,60.0
1298,2128.0,6370.0,23.0,49.0,2881.0,83.0,13.4,Public,57.0
1299,14200.0,14200.0,28.0,55.0,483.0,58.0,16.4,Private,67.0
1300,10500.0,10500.0,15.0,49.0,213.0,66.0,14.1,Private,72.0
1301,1908.0,5988.0,23.0,46.0,1073.0,91.0,15.1,Public,45.0
